sb3,example/basic.sb3,example/basic.sb3,003a9897e45ef913e91b77fc55736a6994db3207
sb3,example/basic.sb3,example/basic.sb3,1459e5b4197e2b6e5d0013f2364e7bfe344baf71
sb3,example/if.sb3,example/if.sb3,003a9897e45ef913e91b77fc55736a6994db3207
sb3,example/if.sb3,example/if.sb3,42033a32a67db82551888aebf967f05fca8859bb
sb3,example/procedures.sb3,example/procedures.sb3,003a9897e45ef913e91b77fc55736a6994db3207
sb3,example/procedures.sb3,example/procedures.sb3,a26de8060906ba68ad50114d071d4229257e4dba
sb3,test.sb3,test.sb3,7a5207628f3c02977129593a2928ac1ca5c173c1
sb3,test.sb3,test.sb3,76c54707c95d975974f7a964f1d730b070ee940a
sb3,test.sb3,test.sb3,4fc9ea36f53c97c0208164d58ad781687cbea6a0
primary-programming,src/projects/year-4/carrot-collector/resources/carrot-collector.sb3,src/projects/year-4/carrot-collector/resources/carrot-collector.sb3,1a8b46049ec1cced6a48c61d04614d8c1d25079b
primary-programming,src/projects/year-5/parachute-drop/resources/Parachute-Drop.sb3,src/projects/year-5/parachute-drop/resources/Parachute-Drop.sb3,1a8b46049ec1cced6a48c61d04614d8c1d25079b
primary-programming,src/year-4/carrot-collector-1/resources/carrot-collector.sb3,src/year-4/carrot-collector-1/resources/carrot-collector.sb3,759677ca1e6a684897ef62efd0f98f9830a9a0cd
primary-programming,src/year-4/carrot-collector/resources/carrot-collector.sb3,src/year-4/carrot-collector/resources/carrot-collector.sb3,a88bb65c4a39e724e4c69b8cd92e40f17e401c84
primary-programming,src/year-5/parachute-drop/resources/Parachute-Drop.sb3,src/year-5/parachute-drop/resources/Parachute-Drop.sb3,a88bb65c4a39e724e4c69b8cd92e40f17e401c84
primary-programming,src/year-5/parachutes/resources/Parachute-Drop.sb3,src/year-5/parachutes/resources/Parachute-Drop.sb3,a5fe2cde8e50f3e5f26ccdec361fe3e0dcf4c471
IoT,sIoT2.0.sb3,sIoT2.0.sb3,129b97aac6a4f78393146c7ac23baf2c83ffd3e3
IoT,sIoT.sb3,sIoT.sb3,75880f6d16b5b795ce52ddce3d46fc310a9b6d6a
IoT,sIoT.sb3,sIoT.sb3,fcd55e3c10a80da323031d8edbf8fbe7ff9a3a16
CodigoMisionTIC,Scratch/proyectoScratch1(old).sb3,Scratch/proyectoScratch1(old).sb3,5150aa9613a36bf9499d6d8130052461e105520e
CodigoMisionTIC,Scratch/proyectoScratch1.sb3,Scratch/proyectoScratch1.sb3,f1b15e6be27e765ce28fe3df8e15a5c8103ae8b1
CodigoMisionTIC,Scratch/proyectoScratch1.sb3,Scratch/proyectoScratch1.sb3,d7cb87bfbb4b73bbe0f242592f4a4e510eaa3bb5
CodigoMisionTIC,Scratch/proyectoScratch1.sb3,Scratch/proyectoScratch1.sb3,893324f192121ef5808ff748560113dee0736846
CodigoMisionTIC,Scratch/proyectoScratch1.sb3,Scratch/proyectoScratch1.sb3,5150aa9613a36bf9499d6d8130052461e105520e
CodigoMisionTIC,Scratch/proyectoScratch1.sb3,Scratch/proyectoScratch1.sb3,8221ac1db76cef6bc021fcfbebbc3def759b4bd7
CodigoMisionTIC,Scratch/proyectoScratch1.sb3,Scratch/proyectoScratch1.sb3,eac3bf43e5df5b039085e13a229e3d3284b0c2b6
CodigoMisionTIC,Scratch/proyectoScratch1.sb3,Scratch/proyectoScratch1.sb3,8125f39febb7c4346d8f6f9ed203a3b42a5f705a
CodigoMisionTIC,Scratch/proyectoScratch1.sb3,Scratch/proyectoScratch1.sb3,9253a1c3baea4fe7956408409bf5ec42de1364bc
CodigoMisionTIC,Scratch/proyectoScratch1.sb3,Scratch/proyectoScratch1.sb3,c49499405cd4b95ccb3c54b1606cf40fa3a917b6
CodigoMisionTIC,Scratch/proyectoScratch1.sb3,Scratch/proyectoScratch1.sb3,7dbeac271b406ab65cc11151444c71f946d83250
CodigoMisionTIC,Scratch/proyectoScratch1.sb3,Scratch/proyectoScratch1.sb3,cea91a852b73a3e35d51513f3c21b1e4c15378fd
CodigoMisionTIC,Scratch/proyectoScratch1.sb3,Scratch/proyectoScratch1.sb3,e74a79bb555f40717a9f9963a1188ff515fe6ed7
CodigoMisionTIC,Scratch/proyectoScratch1.sb3,Scratch/proyectoScratch1.sb3,e57ba2debce681ab59660912bc4903e56c86d9b9
CodigoMisionTIC,Scratch/proyectoScratch.sb3,Scratch/proyectoScratch.sb3,4d45abe483d367d3116f8986a90c19543278a4ec
CodigoMisionTIC,Tests/testColisiones.sb3,Tests/testColisiones.sb3,ffe002e192a3cbc1b4cf1eb9d38ff5da691bf8ac
FaceDetectionBackend,Scratch/Emoti-Pong.sb3,Scratch/Emoti-Pong.sb3,e5782b17b623f90ce2f49989738649e547516b05
FaceDetectionBackend,Scratch/PONG.sb3,Scratch/PONG.sb3,eb390a919b80bc6ff190067dec6b7790b20e57b5
FaceDetectionBackend,Scratch/PONG.sb3,Scratch/PONG.sb3,b730830bb2f6a88309aafca6cd407867c72541e3
FaceDetectionBackend,Scratch/PONG.sb3,Scratch/PONG.sb3,9ebb377e61700c2dfcc96a18620f22abebf82773
FaceDetectionBackend,Scratch/Up-Down-Pong.sb3,Scratch/Up-Down-Pong.sb3,e5782b17b623f90ce2f49989738649e547516b05
stuff,CarGameRemakeB1.5.sb3,CarGameRemakeB1.5.sb3,e56435db5ef6778ca10b45985b21c3f14a049276
stuff,CarGameRemakeB3.5.sb3,CarGameRemakeB3.5.sb3,e56435db5ef6778ca10b45985b21c3f14a049276
stuff,CarGameRemakeB3.6.sb3,CarGameRemakeB3.6.sb3,e56435db5ef6778ca10b45985b21c3f14a049276
stuff,CarGameRemakeB3.9.sb3,CarGameRemakeB3.9.sb3,e56435db5ef6778ca10b45985b21c3f14a049276
stuff,CarGameRemakeB3Mod.sb3,CarGameRemakeB3Mod.sb3,587ab82e8c90151e92ca95d8f2d4a676874c2fe0
stuff,CarGameRemakeB4.5.sb3,CarGameRemakeB4.5.sb3,e56435db5ef6778ca10b45985b21c3f14a049276
stuff,CarPortPlus.sb3,CarPortPlus.sb3,d5ba3d85af353b87be6136fb7ea1d609d5dfc3b9
stuff,CarPortPlus.sb3,CarPortPlus.sb3,8446b3a779be974d9e61c91da00be9e6a1e139d0
stuff,dnnc.sb3,dnnc.sb3,33b28e21f27b7c7c2d2a231638b94aa8c500bcda
stuff,Nan0K.sb3,Nan0K.sb3,d5ba3d85af353b87be6136fb7ea1d609d5dfc3b9
stuff,NanoK.sb3,NanoK.sb3,2a7eccacf18917597c705f295dd5bbbf705de2f1
CS50IntroductionHaryoiro,psets/scratch/BananaPlease.sb3,psets/scratch/BananaPlease.sb3,f6a8f6e8085e3c94e7250efa5c12ed31e8b5e924
CS50IntroductionHaryoiro,psets/scrtch/BananaPlease.sb3,psets/scrtch/BananaPlease.sb3,ae2a5ee78601843cbd25d8c5a1da439c6dd6926c
scratch-3-phrasebook,en/resources/Scratch3Phrasebook6Dec.sb3,en/resources/Scratch3Phrasebook6Dec.sb3,94cca79fcda93e225939fe3dc3f1c1e0a99e7919
scratch-3-phrasebook,en/solutions/Scratch3Phrasebook6Dec.sb3,en/solutions/Scratch3Phrasebook6Dec.sb3,75c496a9d05330075609e8f1bfdc5b6dfd0d5a66
youpy,funpyschool/examples/BallBar.sb3,funpyschool/examples/BallBar.sb3,3c9137dca2b6c2eda874a1336d7cd665f8ec7583
youpy,youpy/examples/BallBar.sb3,youpy/examples/BallBar.sb3,90d330e6ca66de86d693c045f7f3d67290a7dfd7
youpy,youpy/examples/BallBar.sb3,youpy/examples/BallBar.sb3,914f461913605d2e3e5a0689139e01330a71b1a2
youpy,youpy/examples/BallBar.sb3,youpy/examples/BallBar.sb3,bdb614436e3dfe7051fb80e254ba485a0eafdb79
youpy,youpy/examples/SimpleBasketBall.sb3,youpy/examples/SimpleBasketBall.sb3,8c7ec46c5089684a8b050cab9216f1594f277f8b
scratch-projects-exercises,Einarbiger_Bandit/Einarmiger_Bandit.sb3,Einarbiger_Bandit/Einarmiger_Bandit.sb3,602e41c8074c5bc84abb6df437540a7064b64a3f
scratch-projects-exercises,Einarbiger_Bandit/Einarmiger_Bandit.sb3,Einarbiger_Bandit/Einarmiger_Bandit.sb3,d87fff167511e001ac9dadb08cd419674c6839b3
scratch-projects-exercises,Frosch/frosch.sb3,Frosch/frosch.sb3,99bbaa5b03952dd787dea8fec85763caf65695db
scratch-projects-exercises,Frosch/frosch.sb3,Frosch/frosch.sb3,d35c0c1e026cea11fdc3b77d5a30e3ec43e82969
scratch-projects-exercises,Frosch/frosch.sb3,Frosch/frosch.sb3,a53abb9ed2952a38e2f197cd41c92b13836f0e27
scratch-projects-exercises,Frosch/frosch.sb3,Frosch/frosch.sb3,9ff10b697f7132ff8b97fc4a4b9fa78b40657334
scratch-projects-exercises,Frosch/frosch.sb3,Frosch/frosch.sb3,b11465220d81cf71430563b439fe1570cc322bf0
scratch-projects-exercises,Frosch/frosch.sb3,Frosch/frosch.sb3,0711f9d60a8b654bea329e86e2437a68478fd758
pingpong,amir/amirreza2.sb3,amir/amirreza2.sb3,4f3a8e37a4a3764e18d5a9c0f782fbf7b2ae425a
pingpong,amir/amirreza.sb3,amir/amirreza.sb3,ba4355ca86580c141d8d76867a958284f6804bf4
pingpong,amir/paykan2.sb3,amir/paykan2.sb3,2ffa24004cc6b9b39aa5f0e4971b24bc29976d72
harvardx-cs50-problem-sets,archery.sb3,archery.sb3,8a85aa6df63e6ffdb70c755b9c30819692532eb5
harvardx-cs50-problem-sets,scratch/archery.sb3,scratch/archery.sb3,be1b111e32a39f18a5f1c7e2995882637603f29a
coding-class-stem2020-scientifico-marsala,lezione5/scratch/calcolatrice_fermatutto.sb3,lezione5/scratch/calcolatrice_fermatutto.sb3,5a7d5a8d81416ee7727701c618b71c4e0b2ffb9b
coding-class-stem2020-scientifico-marsala,lezione5/scratch/EsempioCiclo1.sb3,lezione5/scratch/EsempioCiclo1.sb3,5a7d5a8d81416ee7727701c618b71c4e0b2ffb9b
rjmscratch,bridge2.sb3,bridge2.sb3,6fc03d2402694e6bcf2bdee48d0832b2e7961a17
rjmscratch,bridge3.sb3,bridge3.sb3,9106042b889fa50531b0360eb2581f66e2ac7ea9
rjmscratch,bridge.sb3,bridge.sb3,6fc03d2402694e6bcf2bdee48d0832b2e7961a17
rjmscratch,clock.sb3,clock.sb3,6fc03d2402694e6bcf2bdee48d0832b2e7961a17
rjmscratch,clock.sb3,clock.sb3,1ea5d4a3238b1fe24d87fd9f3d9cc50d868fdc8b
rjmscratch,digitalclock.sb3,digitalclock.sb3,21307f17d5088461c2467df9a4743169a7f7e6a7
rjmscratch,digitalclock.sb3,digitalclock.sb3,f75affa953e19b259ee648dd0cfe6150f132c7ee
rjmscratch,digitalclock.sb3,digitalclock.sb3,389c629dbd19f9472f34021e72e191d932d38574
rjmscratch,donut.sb3,donut.sb3,6fc03d2402694e6bcf2bdee48d0832b2e7961a17
rjmscratch,dragoncode.sb3,dragoncode.sb3,6fc03d2402694e6bcf2bdee48d0832b2e7961a17
rjmscratch,dragoncode.sb3,dragoncode.sb3,3bdd00b8e5f290bb9f177e3099bb9974e8305072
rjmscratch,fancytree.sb3,fancytree.sb3,6fc03d2402694e6bcf2bdee48d0832b2e7961a17
rjmscratch,goldify.sb3,goldify.sb3,6fc03d2402694e6bcf2bdee48d0832b2e7961a17
rjmscratch,hilbertcurve2d.sb3,hilbertcurve2d.sb3,62391f4e4d0877c44b92c0130a777c8ca0c50d62
rjmscratch,hilbertcurve3d.sb3,hilbertcurve3d.sb3,62391f4e4d0877c44b92c0130a777c8ca0c50d62
rjmscratch,hilbertcurve3d.sb3,hilbertcurve3d.sb3,8e0bee323944e4a849aa6dd8f3d1c5ed57969ee8
rjmscratch,longitudes.sb3,longitudes.sb3,6fc03d2402694e6bcf2bdee48d0832b2e7961a17
rjmscratch,maze.sb3,maze.sb3,2dc803876f14f5379cba9268179bb621ddab4455
rjmscratch,maze.sb3,maze.sb3,321b6978624c4b1f01c803a4e0428aa56dd36375
rjmscratch,midasblock.sb3,midasblock.sb3,6fc03d2402694e6bcf2bdee48d0832b2e7961a17
rjmscratch,simpletree.sb3,simpletree.sb3,6fc03d2402694e6bcf2bdee48d0832b2e7961a17
rjmscratch,slimeonnoise.sb3,slimeonnoise.sb3,6fc03d2402694e6bcf2bdee48d0832b2e7961a17
rjmscratch,star.sb3,star.sb3,6fc03d2402694e6bcf2bdee48d0832b2e7961a17
rjmscratch,trefoil.sb3,trefoil.sb3,43c5c0f55e9379905194d48f0fecad81ccaa4723
rjmscratch,weather.sb3,weather.sb3,5ca16166a4a6f748a1a0556a88f98b7529e59d44
rjmscratch,weather.sb3,weather.sb3,8ca4eb80020dbea72e411e6663f06d7134248bf6
algo1,lesson2.sb3,lesson2.sb3,60f0ec9a108ad74b0c2e3e1fa63cb5aea43a6b6e
danche24.github.io,birthdaycard.sb3,birthdaycard.sb3,358d8f2a87a3a8f9a80128f605a0d79af9d88d91
danche24.github.io,birthdaycard.sb3,birthdaycard.sb3,50bbd9eed7484dad964d28d9c168d729b416dadb
danche24.github.io,KAS/birthdaycard.sb3,KAS/birthdaycard.sb3,1c4c4dedd57f9a408fb1fd152f76ddb688dfa3f3
ourProgramming,Scratch/Ch3-Sc/Ch3-6.sb3,Scratch/Ch3-Sc/Ch3-6.sb3,35f194f6703ddbdee6ca4b8b353d214955b6ff93
ourProgramming,Scratch/Ch3-Sc/Ch3-6.sb3,Scratch/Ch3-Sc/Ch3-6.sb3,5375cfaff98337bd39b7796e930626d3bb1a04c8
ourProgramming,Scratch/Ch4-Sc/Ch4-10.sb3,Scratch/Ch4-Sc/Ch4-10.sb3,35f194f6703ddbdee6ca4b8b353d214955b6ff93
ourProgramming,Scratch/Ch4-Sc/Ch4-10.sb3,Scratch/Ch4-Sc/Ch4-10.sb3,5375cfaff98337bd39b7796e930626d3bb1a04c8
ourProgramming,Scratch/Ch4-Sc/Ch4-5.sb3,Scratch/Ch4-Sc/Ch4-5.sb3,35f194f6703ddbdee6ca4b8b353d214955b6ff93
ourProgramming,Scratch/Ch4-Sc/Ch4-5.sb3,Scratch/Ch4-Sc/Ch4-5.sb3,5375cfaff98337bd39b7796e930626d3bb1a04c8
ourProgramming,Scratch/Ch4-Sc/Ch4-7.sb3,Scratch/Ch4-Sc/Ch4-7.sb3,35f194f6703ddbdee6ca4b8b353d214955b6ff93
ourProgramming,Scratch/Ch4-Sc/Ch4-7.sb3,Scratch/Ch4-Sc/Ch4-7.sb3,5375cfaff98337bd39b7796e930626d3bb1a04c8
ourProgramming,Scratch/Ch4-Sc/Ch4-8.sb3,Scratch/Ch4-Sc/Ch4-8.sb3,5375cfaff98337bd39b7796e930626d3bb1a04c8
ourProgramming,Scratch/Ch5-Sc/Ch5-1-bubbleSort.sb3,Scratch/Ch5-Sc/Ch5-1-bubbleSort.sb3,35f194f6703ddbdee6ca4b8b353d214955b6ff93
ourProgramming,Scratch/Ch5-Sc/Ch5-1-bubbleSort.sb3,Scratch/Ch5-Sc/Ch5-1-bubbleSort.sb3,5375cfaff98337bd39b7796e930626d3bb1a04c8
ourProgramming,Scratch/Ch5-Sc/Ch5-3-binarySearch.sb3,Scratch/Ch5-Sc/Ch5-3-binarySearch.sb3,5375cfaff98337bd39b7796e930626d3bb1a04c8
lms,ar-SA/solutions/rock-band-finished.sb3,ar-SA/solutions/rock-band-finished.sb3,a04195e656214fada779cfe2f0ba99a24879e57d
lms,ar-SA/solutions/rock-band-finished.sb3,ar-SA/solutions/rock-band-finished.sb3,07882f709b424adf6734df45c27fffec6b565af5
lms,ar-SA/solutions/rock-band-finished.sb3,ar-SA/solutions/rock-band-finished.sb3,f077cb5d93f51a63fcbad386f46291a5dc399049
lms,bn-BD/solutions/rock-band-finished.sb3,bn-BD/solutions/rock-band-finished.sb3,192ab376a345390f82f258d1095ce12533549d73
lms,bn-BD/solutions/rock-band-finished.sb3,bn-BD/solutions/rock-band-finished.sb3,4c86795deb18a92df3c752230461c1c99c229552
lms,ca-ES/solutions/rock-band-finished.sb3,ca-ES/solutions/rock-band-finished.sb3,349d0af18a274d3c1a0c1e4b16a7633f717a9fc0
lms,ca-ES/solutions/rock-band-finished.sb3,ca-ES/solutions/rock-band-finished.sb3,60f9189c92c7760100841e56f919cf596e65d91b
lms,cy-GB/solutions/rock-band-finished.sb3,cy-GB/solutions/rock-band-finished.sb3,fab1f575557743f714b5c5a613ba8b632f920cbb
lms,cy-GB/solutions/rock-band-finished.sb3,cy-GB/solutions/rock-band-finished.sb3,e7b20d34c82b243e15903498dc2c9d7bc432096f
lms,cy-GB/solutions/rock-band-finished.sb3,cy-GB/solutions/rock-band-finished.sb3,c366660b961e6dcedd9220ab12e0646c817cf293
lms,cy-GB/solutions/rock-band-finished.sb3,cy-GB/solutions/rock-band-finished.sb3,e8eaedb4647f7134547aca7c4535fe6f12de1e81
lms,de-DE/solutions/rock-band-finished.sb3,de-DE/solutions/rock-band-finished.sb3,a9268af3dd1ab4b0050ce58cd05d1c43cbbdce6d
lms,de-DE/solutions/rock-band-finished.sb3,de-DE/solutions/rock-band-finished.sb3,cdc3b9bf3866560efd8e8bd6b2bbb929f0285ab3
lms,de-DE/solutions/rock-band-finished.sb3,de-DE/solutions/rock-band-finished.sb3,8156c260cb4c7c4229f29193003cae52fb2f4f2c
lms,de-DE/solutions/rock-band-finished.sb3,de-DE/solutions/rock-band-finished.sb3,73d3f7acbee713596d762b18c6d642fdab0ff45a
lms,el-GR/solutions/rock-band-finished.sb3,el-GR/solutions/rock-band-finished.sb3,02e283edf6f633c4edda3bc679b64811b68abeeb
lms,el-GR/solutions/rock-band-finished.sb3,el-GR/solutions/rock-band-finished.sb3,26c82ba43d17440a9d2b21515a917db7c0d2e6b9
lms,el-GR/solutions/rock-band-finished.sb3,el-GR/solutions/rock-band-finished.sb3,73d3f7acbee713596d762b18c6d642fdab0ff45a
lms,es-ES/solutions/rock-band-finished.sb3,es-ES/solutions/rock-band-finished.sb3,2ea176bde2dc37668200a4b8ca6a78d9278490c4
lms,es-ES/solutions/rock-band-finished.sb3,es-ES/solutions/rock-band-finished.sb3,c0a6edbdcf73cac02362a02a0b695129ab526377
lms,es-ES/solutions/rock-band-finished.sb3,es-ES/solutions/rock-band-finished.sb3,342fa4fd53974535a11ebb9f11ac291be0604d2f
lms,es-LA/solutions/rock-band-finished.sb3,es-LA/solutions/rock-band-finished.sb3,4cf20a48121234bd559c419fb7139f53f1272fc0
lms,es-LA/solutions/rock-band-finished.sb3,es-LA/solutions/rock-band-finished.sb3,2d2ebdc94e0355aad32ef96fc787b7ffd321006a
lms,es-LA/solutions/rock-band-finished.sb3,es-LA/solutions/rock-band-finished.sb3,03de6bb371b28a9a45f8ace4224abdf93edbb839
lms,fr-FR/solutions/rock-band-finished.sb3,fr-FR/solutions/rock-band-finished.sb3,179a256ccb3f325309ebfc04720765e7ed523297
lms,fr-FR/solutions/rock-band-finished.sb3,fr-FR/solutions/rock-band-finished.sb3,aa8566f6914ec7c1ddc7187d01504adca3ca91f5
lms,fr-FR/solutions/rock-band-finished.sb3,fr-FR/solutions/rock-band-finished.sb3,2062411b139ad9be7269f46597f28c07fafe3e54
lms,hi-IN/solutions/rock-band-finished.sb3,hi-IN/solutions/rock-band-finished.sb3,e3433e7e006b910ee94bb2eb838c710c58390a92
lms,hi-IN/solutions/rock-band-finished.sb3,hi-IN/solutions/rock-band-finished.sb3,747a7df77064614b70f2c2f03a12cbe77ac4dde3
lms,hr-HR/solutions/rock-band-finished.sb3,hr-HR/solutions/rock-band-finished.sb3,2b65b5a4e7530cc9b2296e986153009af719b8eb
lms,hr-HR/solutions/rock-band-finished.sb3,hr-HR/solutions/rock-band-finished.sb3,fdb60976a884fcafc5861ccb60ff71b908f3fd2c
lms,hr-HR/solutions/rock-band-finished.sb3,hr-HR/solutions/rock-band-finished.sb3,64e0bc371b271ffaeb6291043041e20aa5f8c0be
lms,it-IT/solutions/rock-band-finished.sb3,it-IT/solutions/rock-band-finished.sb3,73481b661021c96247a86485ae82cba4fc7d8a1d
lms,it-IT/solutions/rock-band-finished.sb3,it-IT/solutions/rock-band-finished.sb3,2062411b139ad9be7269f46597f28c07fafe3e54
lms,ja-JP/solutions/rock-band-finished.sb3,ja-JP/solutions/rock-band-finished.sb3,dc9e51dc4e999b125bb99e3199000f759de7bce1
lms,ja-JP/solutions/rock-band-finished.sb3,ja-JP/solutions/rock-band-finished.sb3,0b2daedf0c6f2beafecb672926f5e275e9832760
lms,ja-JP/solutions/rock-band-finished.sb3,ja-JP/solutions/rock-band-finished.sb3,10d972d58e102d1632fbec15688b3de40da2848e
lms,ja-JP/solutions/rock-band-finished.sb3,ja-JP/solutions/rock-band-finished.sb3,584e88bf016463ddc235f4ab2e4d7e91b66d45ef
lms,kn-IN/solutions/rock-band-finished.sb3,kn-IN/solutions/rock-band-finished.sb3,bcce22ff34d12b8597c6218579e469e6241d93c1
lms,kn-IN/solutions/rock-band-finished.sb3,kn-IN/solutions/rock-band-finished.sb3,325c67695a9d2e070c93e38463ecf07fdc1d76ab
lms,ko-KR/solutions/rock-band-finished.sb3,ko-KR/solutions/rock-band-finished.sb3,5f1f71ed9586ca76bb4afef6995d3aaf5f3ec8f4
lms,ko-KR/solutions/rock-band-finished.sb3,ko-KR/solutions/rock-band-finished.sb3,70afaf1a294f5957613301c18b94a544663c4c64
lms,ko-KR/solutions/rock-band-finished.sb3,ko-KR/solutions/rock-band-finished.sb3,d57d578f9bf6a84771a27b3c78aeaaf84e77dc80
lms,nl-NL/solutions/rock-band-finished.sb3,nl-NL/solutions/rock-band-finished.sb3,5df7879247a3d920c31f53893d057fbf0186bf36
lms,nl-NL/solutions/rock-band-finished.sb3,nl-NL/solutions/rock-band-finished.sb3,c42123980047fc7039a60e4ccdf110c976c26a50
lms,no-NO/solutions/rock-band-finished.sb3,no-NO/solutions/rock-band-finished.sb3,6803012906a1abeb2aed9e2a412a21978bea842f
lms,no-NO/solutions/rock-band-finished.sb3,no-NO/solutions/rock-band-finished.sb3,2cb67fe2e1ca2d4c438cf614f35ff00d203ed69a
lms,no-NO/solutions/rock-band-finished.sb3,no-NO/solutions/rock-band-finished.sb3,1e276890f0ac75ee30fa56c8b2f15d3188c2736f
lms,no-NO/solutions/rock-band-finished.sb3,no-NO/solutions/rock-band-finished.sb3,73d3f7acbee713596d762b18c6d642fdab0ff45a
lms,pl-PL/solutions/rock-band-finished.sb3,pl-PL/solutions/rock-band-finished.sb3,eaac9f93f06882d7ca6e664fa2e3dbb471caa469
lms,pl-PL/solutions/rock-band-finished.sb3,pl-PL/solutions/rock-band-finished.sb3,5dbde0134609642f59f53daf7540debef5aa6498
lms,pl-PL/solutions/rock-band-finished.sb3,pl-PL/solutions/rock-band-finished.sb3,232cf1184c6e2b38a4b176557b818365142d8e4e
lms,pt-BR/solutions/rock-band-finished.sb3,pt-BR/solutions/rock-band-finished.sb3,c00ebcc8121d1a790ce86ca9415fa9403b5a3b83
lms,pt-BR/solutions/rock-band-finished.sb3,pt-BR/solutions/rock-band-finished.sb3,6837072c79cc617d46c1d23e72b276ffdc83d82e
lms,pt-BR/solutions/rock-band-finished.sb3,pt-BR/solutions/rock-band-finished.sb3,d02704aa9e9d34e7543eca7a3b4ea833eabf7940
lms,pt-BR/solutions/rock-band-finished.sb3,pt-BR/solutions/rock-band-finished.sb3,da39ccc5cce11613c7c69c2ee21f27bfae2d3803
lms,pt-BR/solutions/rock-band-finished.sb3,pt-BR/solutions/rock-band-finished.sb3,dc10f93372f0f6e670053c0a9b130fdd2702d015
lms,pt-PT/solutions/rock-band-finished.sb3,pt-PT/solutions/rock-band-finished.sb3,eb5abe229e82a3ed2021fbc5ba343ed2048e39bf
lms,pt-PT/solutions/rock-band-finished.sb3,pt-PT/solutions/rock-band-finished.sb3,68085665b6e71b6f4c6f8dc7598f464824a2f6e6
lms,pt-PT/solutions/rock-band-finished.sb3,pt-PT/solutions/rock-band-finished.sb3,2062411b139ad9be7269f46597f28c07fafe3e54
lms,ro-RO/solutions/rock-band-finished.sb3,ro-RO/solutions/rock-band-finished.sb3,74b693609527cfc606a48d535a38f0b18a24cee1
lms,ro-RO/solutions/rock-band-finished.sb3,ro-RO/solutions/rock-band-finished.sb3,a4a937e805b94425c00e1628be104a6245a2d94f
lms,ro-RO/solutions/rock-band-finished.sb3,ro-RO/solutions/rock-band-finished.sb3,7fb8c90176d039b6c5882f8b1523562e27c1de1a
lms,sl-SI/solutions/rock-band-finished.sb3,sl-SI/solutions/rock-band-finished.sb3,09e2f90648389a9aef0fb507ffde8d30bad0d4af
lms,sl-SI/solutions/rock-band-finished.sb3,sl-SI/solutions/rock-band-finished.sb3,cef8ed8cae36a98eb1e723db2fce4629f11a0e2a
lms,sl-SI/solutions/rock-band-finished.sb3,sl-SI/solutions/rock-band-finished.sb3,4e5ce5813cad247ba6807162f4733acd44d137bc
lms,sl-SI/solutions/rock-band-finished.sb3,sl-SI/solutions/rock-band-finished.sb3,730b01acf9987d4ef978cbd0496748a04b659a6a
lms,sl-SI/solutions/rock-band-finished.sb3,sl-SI/solutions/rock-band-finished.sb3,6cdcb0380b190a60f2add857ba79901a83a4149c
lms,uk-UA/solutions/rock-band-finished.sb3,uk-UA/solutions/rock-band-finished.sb3,a0c6dbc8a557d5465c893029e4c669c567c05e07
lms,uk-UA/solutions/rock-band-finished.sb3,uk-UA/solutions/rock-band-finished.sb3,f68a2800d73b8c7a4d4ff2cfae5565f5a3ab405a
lms,uk-UA/solutions/rock-band-finished.sb3,uk-UA/solutions/rock-band-finished.sb3,c90c1a48056a8ee8a09bb35d691280ec9b6d1509
lms,zh-CN/solutions/rock-band-finished.sb3,zh-CN/solutions/rock-band-finished.sb3,26131a77c46c7ce081cd041b166466a3674b08df
lms,zh-CN/solutions/rock-band-finished.sb3,zh-CN/solutions/rock-band-finished.sb3,0a236dc348b3cc09bc3f248ba3ac1c531aa58cd7
lms,zh-CN/solutions/rock-band-finished.sb3,zh-CN/solutions/rock-band-finished.sb3,7b81690174029105a79c7b3e5f36bbd880e7bd97
lms,zh-CN/solutions/rock-band-finished.sb3,zh-CN/solutions/rock-band-finished.sb3,2a05f4320da646f30b3bd9e919d39db65182f31d
lms,zh-CN/solutions/rock-band-finished.sb3,zh-CN/solutions/rock-band-finished.sb3,747a7df77064614b70f2c2f03a12cbe77ac4dde3
lms,zh-TW/solutions/rock-band-finished.sb3,zh-TW/solutions/rock-band-finished.sb3,10a9cc11e1460942eef6938f72d086961470488d
lms,zh-TW/solutions/rock-band-finished.sb3,zh-TW/solutions/rock-band-finished.sb3,4552ba6a8df5f0c7b0f3027ec19a8de4b4f7af97
lms,zh-TW/solutions/rock-band-finished.sb3,zh-TW/solutions/rock-band-finished.sb3,34d08573261099c6b042c26c8816426c790d4170
NeverlandBeats,2M_realtimeSpectrogram1.sb3,2M_realtimeSpectrogram1.sb3,21a99d8b6f4c339b12fb9c469702c8058a033b1e
NeverlandBeats,online_spectrogram_thermal.sb3,online_spectrogram_thermal.sb3,c37df38518c142c2de63151f90275e6432f7f328
NeverlandBeats,Toio1_StarttheShow.sb3,Toio1_StarttheShow.sb3,25039d0f80e7ceb50e44612647cd5ff21bcbee73
WoT-Description,New_Version_sensors-actuators-master/Downloads/BatCat.sb3,New_Version_sensors-actuators-master/Downloads/BatCat.sb3,2d7fbf78e3e6379f249f7f28ca127b2fa0cce258
WoT-Description,New_Version_sensors-actuators-master/Downloads/camila.sb3,New_Version_sensors-actuators-master/Downloads/camila.sb3,2d7fbf78e3e6379f249f7f28ca127b2fa0cce258
scratch-tutorial-2020,projects/week10/1_Snake_Player_Movement.sb3,projects/week10/1_Snake_Player_Movement.sb3,9b4c15c844e84208e3630936af6052d8d855dfb0
scratch-tutorial-2020,projects/week10/2_Snake_Food_Spawn.sb3,projects/week10/2_Snake_Food_Spawn.sb3,9b4c15c844e84208e3630936af6052d8d855dfb0
scratch-tutorial-2020,projects/week10/3_Snake_Tail.sb3,projects/week10/3_Snake_Tail.sb3,9b4c15c844e84208e3630936af6052d8d855dfb0
scratch-tutorial-2020,projects/week10/4_Snake_Lose_Check.sb3,projects/week10/4_Snake_Lose_Check.sb3,9b4c15c844e84208e3630936af6052d8d855dfb0
scratch-tutorial-2020,projects/week10/5_Snake_User_Interface.sb3,projects/week10/5_Snake_User_Interface.sb3,9b4c15c844e84208e3630936af6052d8d855dfb0
scratch-tutorial-2020,projects/week6/Platformer.sb3,projects/week6/Platformer.sb3,2b6ff0e6d17a2b30f344839e4a45cf5ee9fa00a6
scratch-tutorial-2020,projects/week6/Platformer.sb3,projects/week6/Platformer.sb3,8a4ddc7c5bad059b87b5238ca2907cada271075b
scratch-tutorial-2020,projects/week7/User_Interface.sb3,projects/week7/User_Interface.sb3,8a4ddc7c5bad059b87b5238ca2907cada271075b
scratch-tutorial-2020,projects/week7/User_Interface.sb3,projects/week7/User_Interface.sb3,55db870c77737018222175baf4a3bffd20da5126
scratch-tutorial-2020,projects/week7/User_Interface_Template.sb3,projects/week7/User_Interface_Template.sb3,db39594e342fb6b59afde8e29800a4f70e6cd7b9
scratch-tutorial-2020,projects/week9/Grid_Search_Teaching_Tool.sb3,projects/week9/Grid_Search_Teaching_Tool.sb3,3aa798674369ce6e44259309c823e1e279363b30
scratch-tutorial-2020,projects/week9/Grid_Search_Teaching_Tool.sb3,projects/week9/Grid_Search_Teaching_Tool.sb3,1d524fe21cf9eda8a2b62b96f6a63b90e242481f
scratchrencor,ScratchProject.sb3,ScratchProject.sb3,7fb6ff55fba4517b2c1344c7e5074a164f579836
scratchrencor,ScratchProject.sb3,ScratchProject.sb3,d2e042168cad372be3a529a3166c7f80ff6e29ea
scratchrencor,TimmysNightmare.sb3,TimmysNightmare.sb3,74eb9bacda65f165b59b528f8e1e8ba1729cef29
code-club-learning-resources,boat-race/zh-TW/resources/BoatRaceResources.sb3,boat-race/zh-TW/resources/BoatRaceResources.sb3,2bbbe07374d04c27d22260546a22739482cf3376
code-club-learning-resources,boat-race/zh-TW/solutions/BoatRace-Finished.sb3,boat-race/zh-TW/solutions/BoatRace-Finished.sb3,2bbbe07374d04c27d22260546a22739482cf3376
code-club-learning-resources,catch-the-dots/zh-TW/resources/catch-the-dots-resources.sb3,catch-the-dots/zh-TW/resources/catch-the-dots-resources.sb3,c8df46773e1b5d7753f220f12d9ef386daa6dea4
code-club-learning-resources,chatbot/zh-TW/resources/chatbot.sb3,chatbot/zh-TW/resources/chatbot.sb3,ba378a49570fd5d6832adb3972086dda1cb0b9e8
code-club-learning-resources,chatbot/zh-TW/solutions/chatbot-solution.sb3,chatbot/zh-TW/solutions/chatbot-solution.sb3,ba378a49570fd5d6832adb3972086dda1cb0b9e8
code-club-learning-resources,clone-wars/zh-TW/resources/CloneWars.sb3,clone-wars/zh-TW/resources/CloneWars.sb3,c130c16f49cf0c550593d66c009459657f56484a
code-club-learning-resources,clone-wars/zh-TW/solutions/CloneWars-Solution.sb3,clone-wars/zh-TW/solutions/CloneWars-Solution.sb3,c130c16f49cf0c550593d66c009459657f56484a
code-club-learning-resources,create-your-own-world/zh-TW/images/CreateYourOwnWorldResources.sb3,create-your-own-world/zh-TW/images/CreateYourOwnWorldResources.sb3,39a9d6d436f9ab83c4adfc3dd883475c72011d4d
code-club-learning-resources,create-your-own-world/zh-TW/images/CreateYourOwnWorld.sb3,create-your-own-world/zh-TW/images/CreateYourOwnWorld.sb3,39a9d6d436f9ab83c4adfc3dd883475c72011d4d
code-club-learning-resources,create-your-own-world/zh-TW/resources/CreateYourOwnWorldResources.sb3,create-your-own-world/zh-TW/resources/CreateYourOwnWorldResources.sb3,39a9d6d436f9ab83c4adfc3dd883475c72011d4d
code-club-learning-resources,create-your-own-world/zh-TW/solutions/CreateYourOwnWorld.sb3,create-your-own-world/zh-TW/solutions/CreateYourOwnWorld.sb3,39a9d6d436f9ab83c4adfc3dd883475c72011d4d
code-club-learning-resources,dodgeball/zh-TW/resources/Dodgeball.sb3,dodgeball/zh-TW/resources/Dodgeball.sb3,88ef9ef22348b250a2c2a5bb1cfe85267bf62da5
code-club-learning-resources,dodgeball/zh-TW/solutions/Dodgeball-solution.sb3,dodgeball/zh-TW/solutions/Dodgeball-solution.sb3,88ef9ef22348b250a2c2a5bb1cfe85267bf62da5
code-club-learning-resources,memory/zh-TW/solutions/Memory.sb3,memory/zh-TW/solutions/Memory.sb3,c92c4398be076f384ec5bcadd952559246e72b48
code-club-learning-resources,paint-box/zh-TW/resources/PaintBoxResources.sb3,paint-box/zh-TW/resources/PaintBoxResources.sb3,b6001ad4494355711380d443d5720ae56afcc099
lost-in-space,ar-SA/solutions/lost-in-space-solution.sb3,ar-SA/solutions/lost-in-space-solution.sb3,b3d57b1dcc919117b0107c8a1384f05345a544d7
lost-in-space,ar-SA/solutions/lost-in-space-solution.sb3,ar-SA/solutions/lost-in-space-solution.sb3,4d8587e92d95a24415f36a3a8155f178ae9cc727
lost-in-space,ar-SA/solutions/lost-in-space-solution.sb3,ar-SA/solutions/lost-in-space-solution.sb3,0472b6e15f159108bc4673fb31ba81ba0b4c647e
lost-in-space,ar-SA/solutions/lost-in-space-solution.sb3,ar-SA/solutions/lost-in-space-solution.sb3,dab22b7f9ec0bc38e74987816a8a6af2af34e1e5
lost-in-space,ar-SA/solutions/lost-in-space-solution.sb3,ar-SA/solutions/lost-in-space-solution.sb3,d0afd1bb775f2491210b8667c7675edd212d6e7e
lost-in-space,cy-GB/solutions/lost-in-space-solution.sb3,cy-GB/solutions/lost-in-space-solution.sb3,903f92bee6fbbc6763c6659d9058eddb588e9552
lost-in-space,cy-GB/solutions/lost-in-space-solution.sb3,cy-GB/solutions/lost-in-space-solution.sb3,c701a7be7404dacd2faa96261601d509456288b5
lost-in-space,cy-GB/solutions/lost-in-space-solution.sb3,cy-GB/solutions/lost-in-space-solution.sb3,5096259f359a7ff203c0c85f787cef4486498afb
lost-in-space,cy-GB/solutions/lost-in-space-solution.sb3,cy-GB/solutions/lost-in-space-solution.sb3,167c314dde5bab7b6d9fdc2248658b0c6515a675
lost-in-space,de-DE/solutions/lost-in-space-solution.sb3,de-DE/solutions/lost-in-space-solution.sb3,feb8a1fde8ad0fdbbd4e38209fb7dda5b692ad28
lost-in-space,de-DE/solutions/lost-in-space-solution.sb3,de-DE/solutions/lost-in-space-solution.sb3,c0111406421666b561d38888bc0d6300e5b0b2f4
lost-in-space,de-DE/solutions/lost-in-space-solution.sb3,de-DE/solutions/lost-in-space-solution.sb3,fc69c1fdc45fe5f8d21ce2f9e82140ade54cbd4d
lost-in-space,el-GR/solutions/lost-in-space-solution.sb3,el-GR/solutions/lost-in-space-solution.sb3,0f0ba25acf8121e3ff93578790c9e699e0ff1e44
lost-in-space,el-GR/solutions/lost-in-space-solution.sb3,el-GR/solutions/lost-in-space-solution.sb3,6690ef2d752f29596616618c03c2e37338b2bd25
lost-in-space,el-GR/solutions/lost-in-space-solution.sb3,el-GR/solutions/lost-in-space-solution.sb3,4ac02eeac042e5604a229dc3b0852ffd37574867
lost-in-space,en/solutions/lost-in-space-solution.sb3,en/solutions/lost-in-space-solution.sb3,bcfa70fe8dcfe2f071154d296dd383fe290d139c
lost-in-space,en/solutions/lost-in-space-solution.sb3,en/solutions/lost-in-space-solution.sb3,b1669de8fbcb33caa8707ea3d2005be093578cda
lost-in-space,es-ES/solutions/lost-in-space-solution.sb3,es-ES/solutions/lost-in-space-solution.sb3,4f4b2f115af03affdc135ce3facd8a780e06662a
lost-in-space,es-ES/solutions/lost-in-space-solution.sb3,es-ES/solutions/lost-in-space-solution.sb3,b4bf404787b1ca9a140dc1a238b7910b58d22a97
lost-in-space,es-ES/solutions/lost-in-space-solution.sb3,es-ES/solutions/lost-in-space-solution.sb3,c1d7ade43228d79afcfcc2a9456ffe29da088a27
lost-in-space,fr-FR/solutions/lost-in-space-solution.sb3,fr-FR/solutions/lost-in-space-solution.sb3,c4f0740833b284e406502e1136c6350349b996c3
lost-in-space,fr-FR/solutions/lost-in-space-solution.sb3,fr-FR/solutions/lost-in-space-solution.sb3,6961384bd77302fbb4ac7f4814f0f5c68f2c7725
lost-in-space,fr-FR/solutions/lost-in-space-solution.sb3,fr-FR/solutions/lost-in-space-solution.sb3,fc69c1fdc45fe5f8d21ce2f9e82140ade54cbd4d
lost-in-space,hi-IN/solutions/lost-in-space-solution.sb3,hi-IN/solutions/lost-in-space-solution.sb3,cf88be3282a32cffbc5fa3f0f1a2ea3fbac0b848
lost-in-space,hi-IN/solutions/lost-in-space-solution.sb3,hi-IN/solutions/lost-in-space-solution.sb3,c449bd9b4a6e27928aba5a870cadcd71f8d738f5
lost-in-space,hi-IN/solutions/lost-in-space-solution.sb3,hi-IN/solutions/lost-in-space-solution.sb3,d0afd1bb775f2491210b8667c7675edd212d6e7e
lost-in-space,ja-JP/solutions/lost-in-space-solution.sb3,ja-JP/solutions/lost-in-space-solution.sb3,cd4ee003cf0a903fec83b08747f8ef467c858f9c
lost-in-space,ja-JP/solutions/lost-in-space-solution.sb3,ja-JP/solutions/lost-in-space-solution.sb3,e5c0ac5c4d71fbde6ab22f23dedf2e85a45669a2
lost-in-space,ja-JP/solutions/lost-in-space-solution.sb3,ja-JP/solutions/lost-in-space-solution.sb3,adb67d368da486d899e3203a01d23be8bfc7b33a
lost-in-space,ja-JP/solutions/lost-in-space-solution.sb3,ja-JP/solutions/lost-in-space-solution.sb3,800e947286bc222370106b16326847abea07c8d0
lost-in-space,ja-JP/solutions/lost-in-space-solution.sb3,ja-JP/solutions/lost-in-space-solution.sb3,32235b4ac868340e56fccca6bce99b1c54ab027c
lost-in-space,ja-JP/solutions/lost-in-space-solution.sb3,ja-JP/solutions/lost-in-space-solution.sb3,3e40ce313a185d3a436c291f1226b8e295fecd57
lost-in-space,nl-NL/solutions/lost-in-space-solution.sb3,nl-NL/solutions/lost-in-space-solution.sb3,762564ed15edbb955578d404f2d5a52ffccb136b
lost-in-space,nl-NL/solutions/lost-in-space-solution.sb3,nl-NL/solutions/lost-in-space-solution.sb3,408e8f0579f940b97f6739389464f5c1250c33d4
lost-in-space,nl-NL/solutions/lost-in-space-solution.sb3,nl-NL/solutions/lost-in-space-solution.sb3,f05fe0c42628bfff93143fb19508fa594a78b941
lost-in-space,pl-PL/solutions/lost-in-space-solution.sb3,pl-PL/solutions/lost-in-space-solution.sb3,ee99cc6eb51e56afffb41c2d8d3ab7ad58f9bf08
lost-in-space,pl-PL/solutions/lost-in-space-solution.sb3,pl-PL/solutions/lost-in-space-solution.sb3,4cbd46501fbb7dde9985eb66a5c3cfb082a7004a
lost-in-space,pl-PL/solutions/lost-in-space-solution.sb3,pl-PL/solutions/lost-in-space-solution.sb3,fc69c1fdc45fe5f8d21ce2f9e82140ade54cbd4d
lost-in-space,ru-RU/solutions/lost-in-space-solution.sb3,ru-RU/solutions/lost-in-space-solution.sb3,d17bc2a2872427e164a8dff9e62fbd6f8fcab9d8
lost-in-space,ru-RU/solutions/lost-in-space-solution.sb3,ru-RU/solutions/lost-in-space-solution.sb3,9a515b58b4ac46e800f55c29ed629c2d7ba425d3
lost-in-space,ru-RU/solutions/lost-in-space-solution.sb3,ru-RU/solutions/lost-in-space-solution.sb3,c1d7ade43228d79afcfcc2a9456ffe29da088a27
lost-in-space,tr-TR/solutions/lost-in-space-solution.sb3,tr-TR/solutions/lost-in-space-solution.sb3,3191500ccb29cabdee4b74ba8364a8e3e26c9c81
lost-in-space,tr-TR/solutions/lost-in-space-solution.sb3,tr-TR/solutions/lost-in-space-solution.sb3,1da6aa6ee4d7a960fd03b5ed25aa2295886c85e2
lost-in-space,tr-TR/solutions/lost-in-space-solution.sb3,tr-TR/solutions/lost-in-space-solution.sb3,bff02aafc39528e722297005d2b7f9bde77fd3ad
lost-in-space,zh-CN/solutions/lost-in-space-solution.sb3,zh-CN/solutions/lost-in-space-solution.sb3,c53764097212b5341dcc7991848edcf99a4bb625
lost-in-space,zh-CN/solutions/lost-in-space-solution.sb3,zh-CN/solutions/lost-in-space-solution.sb3,06e63710579dcef148a13631316c4497bc8dc93c
lost-in-space,zh-TW/solutions/lost-in-space-solution.sb3,zh-TW/solutions/lost-in-space-solution.sb3,76068687725f3774d8f7e6fdc6781a7f8027b647
lost-in-space,zh-TW/solutions/lost-in-space-solution.sb3,zh-TW/solutions/lost-in-space-solution.sb3,2767aedd827167bb70f2df3bd8ea58b04584a0b2
lost-in-space,zh-TW/solutions/lost-in-space-solution.sb3,zh-TW/solutions/lost-in-space-solution.sb3,bc8062d05a029f89b2c39943881da145f7ab058c
lost-in-space,zh-TW/solutions/lost-in-space-solution.sb3,zh-TW/solutions/lost-in-space-solution.sb3,0d4d7a5a3d3b3c0731418d3b2a3a83b4a6cf2c4d
lost-in-space,zh-TW/solutions/lost-in-space-solution.sb3,zh-TW/solutions/lost-in-space-solution.sb3,121ea49913816198f5108289dc3d02e4eed4397f
scratchc,test/fib_10_iter.sb3,test/fib_10_iter.sb3,7fefb7d3a69141d13eb842d6b83cb2118c83e014
scratchc,test/fib_10_recr.sb3,test/fib_10_recr.sb3,7fefb7d3a69141d13eb842d6b83cb2118c83e014
scratchc,test/forever_hello.sb3,test/forever_hello.sb3,6d22d7b99c56f5f349ee5ae26d26d672ec6e9969
scratchc,test/loop_if.sb3,test/loop_if.sb3,6d22d7b99c56f5f349ee5ae26d26d672ec6e9969
scratchc,test/multiscript.sb3,test/multiscript.sb3,6d22d7b99c56f5f349ee5ae26d26d672ec6e9969
scratchc,tests/out/fib_10_iter.sb3,tests/out/fib_10_iter.sb3,7822a65c5a5d6ac28ae22062270b5f5d09d46da7
scratchc,tests/out/fib_10_recr.sb3,tests/out/fib_10_recr.sb3,7822a65c5a5d6ac28ae22062270b5f5d09d46da7
scratchc,tests/out/forever_stop.sb3,tests/out/forever_stop.sb3,7822a65c5a5d6ac28ae22062270b5f5d09d46da7
scratchc,tests/out/loop_if.sb3,tests/out/loop_if.sb3,7822a65c5a5d6ac28ae22062270b5f5d09d46da7
scratchc,tests/out/multiscript.sb3,tests/out/multiscript.sb3,7822a65c5a5d6ac28ae22062270b5f5d09d46da7
scratchc,tests/out/stop_all.sb3,tests/out/stop_all.sb3,7822a65c5a5d6ac28ae22062270b5f5d09d46da7
scratchc,tests/out/stop_script.sb3,tests/out/stop_script.sb3,7822a65c5a5d6ac28ae22062270b5f5d09d46da7
scratchc,test/stop_all.sb3,test/stop_all.sb3,6d22d7b99c56f5f349ee5ae26d26d672ec6e9969
scratchc,test/stop_script.sb3,test/stop_script.sb3,6d22d7b99c56f5f349ee5ae26d26d672ec6e9969
scratchc,test/yes.sb3,test/yes.sb3,6012d03b3e0f1807e1f58f1afedc427b5b06a6ae
Gillis,ProblemSet2/scratch.sb3,ProblemSet2/scratch.sb3,9f41518823d274a1dcd15f85881a9dde99104d98
hello-codio-scratch,.guides/secure/setupfixit2/setupfixit2.sb3,.guides/secure/setupfixit2/setupfixit2.sb3,28f15d71d321ea2cd1379827c58348ef90e31626
hello-codio-scratch,setupfixit2.sb3,setupfixit2.sb3,28f15d71d321ea2cd1379827c58348ef90e31626
harvard-CS50,psets0/psets0.sb3,psets0/psets0.sb3,7ac27d577816fd47021934056466019400dc5495
harvard-CS50,psets0.sb3,psets0.sb3,5eb2fd8e9d4ce819f092ab5ee7aa3d6dd282efdc
scratch3-ros,examples/cup_demo.sb3,examples/cup_demo.sb3,2fdac5c9cf6d9c806794d2d008fdba14c1312681
scratch3-ros,examples/cup_demo.sb3,examples/cup_demo.sb3,d1093cdca5615d50faf061ebb89bf0bb4a0566dd
scratch3-ros,examples/tork_ik_example.sb3,examples/tork_ik_example.sb3,ea66a99e768a139783f8f2901af3482b5c108556
preview-coderdojo-linz.github.io,uebungsanleitungen/programmieren/scratch/animated-postcard/animated_postcard.sb3,uebungsanleitungen/programmieren/scratch/animated-postcard/animated_postcard.sb3,a83430031c9c3289d9effecb48a5a996705eae40
preview-coderdojo-linz.github.io,uebungsanleitungen/programmieren/scratch/breakout/breakout.sb3,uebungsanleitungen/programmieren/scratch/breakout/breakout.sb3,afc38cd12a185fb7423cb1b4aef403ae5d500682
preview-coderdojo-linz.github.io,uebungsanleitungen/programmieren/scratch/breakout-v3/breakout.sb3,uebungsanleitungen/programmieren/scratch/breakout-v3/breakout.sb3,a83430031c9c3289d9effecb48a5a996705eae40
preview-coderdojo-linz.github.io,uebungsanleitungen/programmieren/scratch/dragons-realm/Dragonrealm.sb3,uebungsanleitungen/programmieren/scratch/dragons-realm/Dragonrealm.sb3,afc38cd12a185fb7423cb1b4aef403ae5d500682
preview-coderdojo-linz.github.io,uebungsanleitungen/programmieren/scratch/dragons-realm-v3/Dragonrealm.sb3,uebungsanleitungen/programmieren/scratch/dragons-realm-v3/Dragonrealm.sb3,a83430031c9c3289d9effecb48a5a996705eae40
preview-coderdojo-linz.github.io,uebungsanleitungen/programmieren/scratch/fang-mich/fang-mich.sb3,uebungsanleitungen/programmieren/scratch/fang-mich/fang-mich.sb3,cd465849243e289c3f68217c33950050f23d9deb
preview-coderdojo-linz.github.io,uebungsanleitungen/programmieren/scratch/fang-mich-v3/fang-mich.sb3,uebungsanleitungen/programmieren/scratch/fang-mich-v3/fang-mich.sb3,363248769009c6641f490c0b578c8cceb6c8bfd1
preview-coderdojo-linz.github.io,uebungsanleitungen/programmieren/scratch/fledermaus-auf-der-flucht/Fledermaus-auf-der-Flucht.sb3,uebungsanleitungen/programmieren/scratch/fledermaus-auf-der-flucht/Fledermaus-auf-der-Flucht.sb3,3207700f37b3560445832f3da339cfc9551f0dd7
preview-coderdojo-linz.github.io,uebungsanleitungen/programmieren/scratch/fledermaus/Fledermaus-Quiz.sb3,uebungsanleitungen/programmieren/scratch/fledermaus/Fledermaus-Quiz.sb3,cd465849243e289c3f68217c33950050f23d9deb
preview-coderdojo-linz.github.io,uebungsanleitungen/programmieren/scratch/fledermaus-v3/Fledermaus-Quiz.sb3,uebungsanleitungen/programmieren/scratch/fledermaus-v3/Fledermaus-Quiz.sb3,363248769009c6641f490c0b578c8cceb6c8bfd1
preview-coderdojo-linz.github.io,uebungsanleitungen/programmieren/scratch/labyrinth/labyrinth.sb3,uebungsanleitungen/programmieren/scratch/labyrinth/labyrinth.sb3,afc38cd12a185fb7423cb1b4aef403ae5d500682
preview-coderdojo-linz.github.io,uebungsanleitungen/programmieren/scratch/labyrinth/labyrinth-test.sb3,uebungsanleitungen/programmieren/scratch/labyrinth/labyrinth-test.sb3,afc38cd12a185fb7423cb1b4aef403ae5d500682
preview-coderdojo-linz.github.io,uebungsanleitungen/programmieren/scratch/labyrinth-v3/labyrinth.sb3,uebungsanleitungen/programmieren/scratch/labyrinth-v3/labyrinth.sb3,a83430031c9c3289d9effecb48a5a996705eae40
preview-coderdojo-linz.github.io,uebungsanleitungen/programmieren/scratch/labyrinth-v3/labyrinth-test.sb3,uebungsanleitungen/programmieren/scratch/labyrinth-v3/labyrinth-test.sb3,a83430031c9c3289d9effecb48a5a996705eae40
preview-coderdojo-linz.github.io,uebungsanleitungen/programmieren/scratch/minesweeper/minesweeper.sb3,uebungsanleitungen/programmieren/scratch/minesweeper/minesweeper.sb3,afc38cd12a185fb7423cb1b4aef403ae5d500682
preview-coderdojo-linz.github.io,uebungsanleitungen/programmieren/scratch/minesweeper-v3/minesweeper.sb3,uebungsanleitungen/programmieren/scratch/minesweeper-v3/minesweeper.sb3,a83430031c9c3289d9effecb48a5a996705eae40
preview-coderdojo-linz.github.io,uebungsanleitungen/programmieren/scratch/pac-man/pac-man-almost-done.sb3,uebungsanleitungen/programmieren/scratch/pac-man/pac-man-almost-done.sb3,afc38cd12a185fb7423cb1b4aef403ae5d500682
preview-coderdojo-linz.github.io,uebungsanleitungen/programmieren/scratch/pac-man-v3/pac-man-almost-done.sb3,uebungsanleitungen/programmieren/scratch/pac-man-v3/pac-man-almost-done.sb3,a83430031c9c3289d9effecb48a5a996705eae40
preview-coderdojo-linz.github.io,uebungsanleitungen/programmieren/scratch/paddle-game/paddle-game-new.sb3,uebungsanleitungen/programmieren/scratch/paddle-game/paddle-game-new.sb3,afc38cd12a185fb7423cb1b4aef403ae5d500682
preview-coderdojo-linz.github.io,uebungsanleitungen/programmieren/scratch/paddle-game-v3/paddle-game-new.sb3,uebungsanleitungen/programmieren/scratch/paddle-game-v3/paddle-game-new.sb3,a83430031c9c3289d9effecb48a5a996705eae40
preview-coderdojo-linz.github.io,uebungsanleitungen/programmieren/scratch/scratch-animated-postcard/animated_postcard.sb3,uebungsanleitungen/programmieren/scratch/scratch-animated-postcard/animated_postcard.sb3,363248769009c6641f490c0b578c8cceb6c8bfd1
preview-coderdojo-linz.github.io,uebungsanleitungen/programmieren/scratch/scratch-breakout-v3/breakout.sb3,uebungsanleitungen/programmieren/scratch/scratch-breakout-v3/breakout.sb3,363248769009c6641f490c0b578c8cceb6c8bfd1
preview-coderdojo-linz.github.io,uebungsanleitungen/programmieren/scratch/scratch-dragons-realm-v3/Dragonrealm.sb3,uebungsanleitungen/programmieren/scratch/scratch-dragons-realm-v3/Dragonrealm.sb3,363248769009c6641f490c0b578c8cceb6c8bfd1
forkphorus.github.io,asset-manager-packager/tests/sb3/105-contains.sb3,asset-manager-packager/tests/sb3/105-contains.sb3,475cfdd2c9c914019a77468e690477f2b1d5f59d
forkphorus.github.io,asset-manager-packager/tests/sb3/112.sb3,asset-manager-packager/tests/sb3/112.sb3,475cfdd2c9c914019a77468e690477f2b1d5f59d
forkphorus.github.io,asset-manager-packager/tests/sb3/54-pen-colors.sb3,asset-manager-packager/tests/sb3/54-pen-colors.sb3,475cfdd2c9c914019a77468e690477f2b1d5f59d
forkphorus.github.io,asset-manager-packager/tests/sb3/56-NaN.sb3,asset-manager-packager/tests/sb3/56-NaN.sb3,475cfdd2c9c914019a77468e690477f2b1d5f59d
forkphorus.github.io,asset-manager-packager/tests/sb3/58-list-reference.sb3,asset-manager-packager/tests/sb3/58-list-reference.sb3,475cfdd2c9c914019a77468e690477f2b1d5f59d
forkphorus.github.io,asset-manager-packager/tests/sb3/63-random.sb3,asset-manager-packager/tests/sb3/63-random.sb3,475cfdd2c9c914019a77468e690477f2b1d5f59d
forkphorus.github.io,asset-manager-packager/tests/sb3/66-insert.sb3,asset-manager-packager/tests/sb3/66-insert.sb3,475cfdd2c9c914019a77468e690477f2b1d5f59d
forkphorus.github.io,asset-manager-packager/tests/sb3/70.sb3,asset-manager-packager/tests/sb3/70.sb3,475cfdd2c9c914019a77468e690477f2b1d5f59d
Repo02,ex02/src/ex02.sb3,ex02/src/ex02.sb3,3e696fba811164b04578eccdb6811f9c7d80d696
Repo02,ex02/src/ex02.sb3,ex02/src/ex02.sb3,1a9a8b26e52bed91a61756e5b28a3a8f2f51410e
Repo02,ex05/src/ex05.sb3,ex05/src/ex05.sb3,d06162de51bb39b1ce26447f23b56feb7330709e
Repo02,ex05/src/ex05.sb3,ex05/src/ex05.sb3,bc29f03e17fbf83fa8b2f01e69b6d29f94e75b95
forkphorus.github.io,asset-manager-packager/tests/sb3/befunge-eratosthenes.sb3,asset-manager-packager/tests/sb3/befunge-eratosthenes.sb3,475cfdd2c9c914019a77468e690477f2b1d5f59d
forkphorus.github.io,asset-manager-packager/tests/sb3/operators.sb3,asset-manager-packager/tests/sb3/operators.sb3,475cfdd2c9c914019a77468e690477f2b1d5f59d
automated-assessment,act1-grading-scripts/allCostumesChanged.sb3,act1-grading-scripts/allCostumesChanged.sb3,96d46cd9d059022c49bd8ff7f9ecc2104666f4bb
automated-assessment,act1-grading-scripts/correctFish.sb3,act1-grading-scripts/correctFish.sb3,a38c2ff715f3e8a18d2a03df7ccf8fbbec8e52f8
automated-assessment,act1-grading-scripts/debugging3.sb3,act1-grading-scripts/debugging3.sb3,c1f518437936fa7a69467d5583a0d1f6db7b44df
automated-assessment,act1-grading-scripts/ladybugComplete.sb3,act1-grading-scripts/ladybugComplete.sb3,056381350d08769d3d3b75103048d533d8cb4247
automated-assessment,act1-grading-scripts/leftCostumeChanged.sb3,act1-grading-scripts/leftCostumeChanged.sb3,96d46cd9d059022c49bd8ff7f9ecc2104666f4bb
automated-assessment,act1-grading-scripts/leftSayingChanged.sb3,act1-grading-scripts/leftSayingChanged.sb3,96d46cd9d059022c49bd8ff7f9ecc2104666f4bb
automated-assessment,act1-grading-scripts/myNamePoem.sb3,act1-grading-scripts/myNamePoem.sb3,2aa0deafdc4659ddd462c969b9a37da3619c5a4e
automated-assessment,act1-grading-scripts/newName.sb3,act1-grading-scripts/newName.sb3,a38c2ff715f3e8a18d2a03df7ccf8fbbec8e52f8
automated-assessment,act1-grading-scripts/newNames.sb3,act1-grading-scripts/newNames.sb3,a38c2ff715f3e8a18d2a03df7ccf8fbbec8e52f8
automated-assessment,act1-grading-scripts/oddDirection.sb3,act1-grading-scripts/oddDirection.sb3,f69dcfcc64b216a6ea2d42c2e93441a1b3b2a1a6
automated-assessment,act1-grading-scripts/ofrendaComplete.sb3,act1-grading-scripts/ofrendaComplete.sb3,96d46cd9d059022c49bd8ff7f9ecc2104666f4bb
automated-assessment,act1-grading-scripts/onlyOneAphid.sb3,act1-grading-scripts/onlyOneAphid.sb3,ebdc2992df2e15c725062162ec038371b63391ab
automated-assessment,act1-grading-scripts/originalband.sb3,act1-grading-scripts/originalband.sb3,f73e38eec4b652e6cd06aa39d235c4d75ab09e64
automated-assessment,act1-grading-scripts/originalband.sb3,act1-grading-scripts/originalband.sb3,571335ffa7fbb686ffbed54f8f67559cffd05e94
automated-assessment,act1-grading-scripts/remixed1.sb3,act1-grading-scripts/remixed1.sb3,a38c2ff715f3e8a18d2a03df7ccf8fbbec8e52f8
automated-assessment,act1-grading-scripts/remixed.sb3,act1-grading-scripts/remixed.sb3,a38c2ff715f3e8a18d2a03df7ccf8fbbec8e52f8
automated-assessment,act1-grading-scripts/sampel.sb3,act1-grading-scripts/sampel.sb3,0d17e6cac71cccf339d3b4405fe8358d7c9825fb
automated-assessment,act1-grading-scripts/sample2.sb3,act1-grading-scripts/sample2.sb3,0d17e6cac71cccf339d3b4405fe8358d7c9825fb
automated-assessment,act1-grading-scripts/sayafterlooks.sb3,act1-grading-scripts/sayafterlooks.sb3,0d17e6cac71cccf339d3b4405fe8358d7c9825fb
automated-assessment,act1-grading-scripts/scavengerHuntOriginal.sb3,act1-grading-scripts/scavengerHuntOriginal.sb3,a38c2ff715f3e8a18d2a03df7ccf8fbbec8e52f8
automated-assessment,act1-grading-scripts/singleSayBlockRight.sb3,act1-grading-scripts/singleSayBlockRight.sb3,0d17e6cac71cccf339d3b4405fe8358d7c9825fb
automated-assessment,act1-grading-scripts/singleSayBlock.sb3,act1-grading-scripts/singleSayBlock.sb3,0d17e6cac71cccf339d3b4405fe8358d7c9825fb
automated-assessment,act1-grading-scripts/wrongBlockUsed.sb3,act1-grading-scripts/wrongBlockUsed.sb3,94ea4c4021c9161cec0b9f7750d9618d849db87e
automated-assessment,act1-grading-scripts/wrongnameladybug.sb3,act1-grading-scripts/wrongnameladybug.sb3,38d21cfb607ad9e726893dced92cc29be4f2b0f1
automated-assessment,grading-scripts-s3/basicsOriginal.sb3,grading-scripts-s3/basicsOriginal.sb3,b098a2d192d404e27643245d1badb9e5fbaffc70
automated-assessment,grading-scripts-s3/studentwork2.sb3,grading-scripts-s3/studentwork2.sb3,8e3c0d7365858634b677e095bb666163c1a31408
automated-assessment,test-projects/module3-gaming/animation-L2-no-loops-or-clicks.sb3,test-projects/module3-gaming/animation-L2-no-loops-or-clicks.sb3,c868c83d3a7d71011c2d04b8c1abc3b3a29815a1
automated-assessment,test-projects/module3-gaming/animation-L2-no-move-empty-loop.sb3,test-projects/module3-gaming/animation-L2-no-move-empty-loop.sb3,c868c83d3a7d71011c2d04b8c1abc3b3a29815a1
automated-assessment,test-projects/module3-gaming/animation-L2-no-moves.sb3,test-projects/module3-gaming/animation-L2-no-moves.sb3,c868c83d3a7d71011c2d04b8c1abc3b3a29815a1
automated-assessment,test-projects/module3-gaming/animation-L2-no-on-clikc.sb3,test-projects/module3-gaming/animation-L2-no-on-clikc.sb3,c868c83d3a7d71011c2d04b8c1abc3b3a29815a1
automated-assessment,test-projects/module3-gaming/animation-L2-test1.sb3,test-projects/module3-gaming/animation-L2-test1.sb3,c868c83d3a7d71011c2d04b8c1abc3b3a29815a1
automated-assessment,test-projects/module3-gaming/animation-L2-test2.sb3,test-projects/module3-gaming/animation-L2-test2.sb3,c868c83d3a7d71011c2d04b8c1abc3b3a29815a1
automated-assessment,test-projects/module3-gaming/animation-L2-test3.sb3,test-projects/module3-gaming/animation-L2-test3.sb3,c868c83d3a7d71011c2d04b8c1abc3b3a29815a1
automated-assessment,test-projects/module3-gaming/animation-L2-test.sb3,test-projects/module3-gaming/animation-L2-test.sb3,c868c83d3a7d71011c2d04b8c1abc3b3a29815a1
automated-assessment,test-projects/Untitled-3.sb3,test-projects/Untitled-3.sb3,4d90af0359362ae68d01c1e1f6408b0dd7cf46ec
automated-assessment,test-projects/Untitled-3.sb3,test-projects/Untitled-3.sb3,f40c9c45c48d78c5ab4a4fa67c0b1c6e4209e727
Auto-Delivery-Robot,TestTool/ArduinoMega2560/Mega2560.sb3,TestTool/ArduinoMega2560/Mega2560.sb3,a8f82250e0903c31c43dbd11525e5974190441b4
tarea2dvj,tarea2.sb3,tarea2.sb3,48642a97a0e53c5e63f0472a700175a298bb0c52
tarea2dvj,tarea2.sb3,tarea2.sb3,60ab4a8717af93fad5db06c10e880817e57d8832
pineapple-projects,MazeProject.sb3,MazeProject.sb3,ad87f0b45f3f07d5ea87ee688fcb948271a86440
Amanda-Mxi-Younglings-challenges-Repo,Introduction.sb3,Introduction.sb3,6322669c7cf83acfed64a73405cd3c9dae2ea7c3
Amanda-Mxi-Younglings-challenges-Repo,Scratch/Introduction.sb3,Scratch/Introduction.sb3,fd65c7f7779bbc59ea9be487d4726c81e29a3bfa
exercises,scratch/Pong/pong.sb3,scratch/Pong/pong.sb3,e201cc9fc9bc41996a5a2ea432a65626baa38d8b
Scratch-Dinosaur,ABC.sb3,ABC.sb3,bb8811afe6b2573987463ad635827c756d750e01
Scratch-Dinosaur,Untitled-4.sb3,Untitled-4.sb3,fa5337e3fc209eb66a90a35248bf6466677ad2a8
day02,ex02/src/ex02.sb3,ex02/src/ex02.sb3,b4ff95ef96ff5253408ec0c2d4e0b30a4fbef192
day02,ex03/src/ex03.sb3,ex03/src/ex03.sb3,791269509164fb3a518ca9627eb30ec81b748862
day02,ex03/src/ex03.sb3,ex03/src/ex03.sb3,d45c11e4bb6beba17039303f23b8ec71f9e8ab4d
day02,ex05/src/ex05.sb3,ex05/src/ex05.sb3,89f932fb0e91717afe9737671387179a8dbf3057
day02,ex05/src/ex05.sb3,ex05/src/ex05.sb3,819b16c0acd9f171b1788b780ca1f9beb43bc7fa
day02,ex07/src/ex07.sb3,ex07/src/ex07.sb3,ad9fb531d35957daeeea6174c9d35bb09bfaa007
day02,ex07/src/ex07.sb3,ex07/src/ex07.sb3,01db43d4fd1c3deec1e20a6db5c2ce0b5d03874c
day02,ex08/src/ex08.sb3,ex08/src/ex08.sb3,33aa7fbb51899e39b41950a120ddec4bdf45fa82
day02,ex08/src/ex08.sb3,ex08/src/ex08.sb3,cd422b402f594022ac4765bc86618309ad3f74e8
day02,ex08/src/ex08.sb3,ex08/src/ex08.sb3,124ef68bbdd82cc53fc445be03e337953c6c87aa
Sniffle,Project.sb3,Project.sb3,96cb509a6a578d3468120e4adb6d9d800518afb1
Sniffle,Project.sb3,Project.sb3,5123ad7d7daf34c31816a9753867a352de294169
Sniffle,Project.sb3,Project.sb3,5cfa480d3243b826e0498b7533ba783c2075a893
Sniffle,Project.sb3,Project.sb3,b3981007cbf33f40ae81e8c03152153eccbec614
Sniffle,Project.sb3,Project.sb3,d4589340064a57ae67069a361b7ae6199f9e2ba1
cs50-harvardx,pset0-Scratch/HungryMonkey.sb3,pset0-Scratch/HungryMonkey.sb3,b1168eb7e8784d3daedfbd3f2ec8d115269a5619
cs50-harvardx,week0-scratch/HungryMonkey.sb3,week0-scratch/HungryMonkey.sb3,6b495e6614199741d49cfb221c1df132f12118a1
harvard,problem_set0_v2.sb3,problem_set0_v2.sb3,41a708615d0181fdf29a95185ce44db6d9d90779
scratch3.0,Wand-microbit.sb3,Wand-microbit.sb3,0801e7d9dbc8c6a54c9bfc8ff32f504eee8cf02a
scratch3.0,Wand-microbit.sb3,Wand-microbit.sb3,9f4b2fb890d032721e7832fc96a0b51a7310b71c
edbot,bin/edbot_dance_v02_02.sb3,bin/edbot_dance_v02_02.sb3,d53dc0e654dcf666a32dd96b99dc97c0f48e1f1b
edbot,bin/edbot_dance_v04_01.sb3,bin/edbot_dance_v04_01.sb3,ad608280efa623a14f89be9a84941296525204d7
rpg,test.sb3,test.sb3,a7437d1bddfd05e2ad09b8c69ea4555d989f5168
scratch-gcc,avr_vm.sb3,avr_vm.sb3,4330a6df6bf16401270e9a427ed4646ed17b4862
scratch-gcc,base.sb3,base.sb3,4330a6df6bf16401270e9a427ed4646ed17b4862
scratch-gcc,basic.sb3,basic.sb3,4330a6df6bf16401270e9a427ed4646ed17b4862
scratch-gcc,core/scratchpy_compiler_template.sb3,core/scratchpy_compiler_template.sb3,5ada592d4fed96c7267e63599243139f8d8d7ef8
scratch-gcc,core/scratchpy/resources/scratchpy_compiler_template.sb3,core/scratchpy/resources/scratchpy_compiler_template.sb3,d4b3eadfe72a9d71b5b620d1b4e5ed39f2ce894a
scratch-gcc,functest.sb3,functest.sb3,4330a6df6bf16401270e9a427ed4646ed17b4862
scratch-gcc,inc.sb3,inc.sb3,4330a6df6bf16401270e9a427ed4646ed17b4862
scratch-gcc,project.sb3,project.sb3,4330a6df6bf16401270e9a427ed4646ed17b4862
scratch-gcc,scratch/avr_vm.sb3,scratch/avr_vm.sb3,132fcbb02cc4b2d34659503aa999dd214c12217d
scratch-gcc,scratch/base.sb3,scratch/base.sb3,132fcbb02cc4b2d34659503aa999dd214c12217d
scratch-gcc,scratch/basic.sb3,scratch/basic.sb3,132fcbb02cc4b2d34659503aa999dd214c12217d
scratch-gcc,scratch/functest.sb3,scratch/functest.sb3,132fcbb02cc4b2d34659503aa999dd214c12217d
scratch-gcc,scratch/inc.sb3,scratch/inc.sb3,132fcbb02cc4b2d34659503aa999dd214c12217d
scratch-gcc,scratch/project.sb3,scratch/project.sb3,132fcbb02cc4b2d34659503aa999dd214c12217d
scratch-gcc,scratch/test.sb3,scratch/test.sb3,132fcbb02cc4b2d34659503aa999dd214c12217d
scratch-gcc,test_environment.sb3,test_environment.sb3,5ada592d4fed96c7267e63599243139f8d8d7ef8
scratch-gcc,test_environment.sb3,test_environment.sb3,d4b3eadfe72a9d71b5b620d1b4e5ed39f2ce894a
scratch-gcc,test_environment.sb3,test_environment.sb3,9c19228504d9352538acc585264497ff39307379
scratch-gcc,test_environment.sb3,test_environment.sb3,905a09979e7a42ceabc6c73e4d817b92b5bf6baf
scratch-gcc,test.sb3,inc.sb3,4330a6df6bf16401270e9a427ed4646ed17b4862
scratch-gcc,test.sb3,test.sb3,5ada592d4fed96c7267e63599243139f8d8d7ef8
scratch-gcc,test.sb3,test.sb3,d4b3eadfe72a9d71b5b620d1b4e5ed39f2ce894a
scratch-gcc,test.sb3,test.sb3,9c19228504d9352538acc585264497ff39307379
scratch-gcc,test.sb3,test.sb3,905a09979e7a42ceabc6c73e4d817b92b5bf6baf
scratch-gcc,test.sb3,test.sb3,06fe9823aa7560a62d8bb29b359a34bb26421a12
scratch-gcc,test.sb3,test.sb3,81042ebce0e16cbe04c005a9f624ed94dcb9f2df
scratch-gcc,v2/csil/resources/template.sb3,v2/csil/resources/template.sb3,1b0505cbe58399231baa02df1e0324d57738bc6b
scratch-gcc,v2/test.sb3,v2/test.sb3,1b0505cbe58399231baa02df1e0324d57738bc6b
ICT-Group-5---project-,SCRATCH.sb3,SCRATCH.sb3,c3974aec501e92e6c2db04518ad56006b34bb946
ICT-Group-5---project-,Scratch.sb3,Scratch.sb3,2c7b0c0b5d30d82dc9f617d145350b1614c5227b
taxinomitis-docs,scratch-templates/describe-the-glass.sb3,scratch-templates/describe-the-glass.sb3,ae7e75328e0ee86f1d2502df5372e0a2a708f977
taxinomitis-docs,scratch-templates/describe-the-glass.sb3,scratch-templates/describe-the-glass.sb3,f6d9c70bbb4654128078ab75b2397c76639afb43
coding-120,hw3/Week#3ASS.sb3,hw3/Week#3ASS.sb3,3bc6f3ffa33e327430aee31ff9eab4c2e5b53800
machinelearningforkids,1_CarVsMoto/CarvsMoto.sb3,1_CarVsMoto/CarvsMoto.sb3,dea79f0475525d00a2fe0a1523d66b696787767f
machinelearningforkids,CarvsMoto.sb3,CarvsMoto.sb3,3cbf0cdd1aec28124de908e64c9e1c5a57e940a1
workshop-scratch-10-12,ZbranProtiPriseram-Template.sb3,ZbranProtiPriseram-Template.sb3,1013ce5782b5ed705a229d3c04ae75a64d1f73f6
workshop-scratch-10-12,ZbranProtiPriseram-Template.sb3,ZbranProtiPriseram-Template.sb3,dc90bb86e25e457d995c01a1d280d788acd11569
workshop-scratch-10-12,ZbranProtiPriseram-Ukazka.sb3,ZbranProtiPriseram-Ukazka.sb3,1013ce5782b5ed705a229d3c04ae75a64d1f73f6
scratches,CotxeRobot.sb3,CotxeRobot.sb3,18267b418eba889d016be85b2547c07ba54bc97d
scratches,CotxeRobot.sb3,CotxeRobot.sb3,b9e5f6ec6678c1492872fb0b101545f79c9a2da1
workshop-scratch-7-9,KsO-ZbavitSaCreeperov-Template.sb3,KsO-ZbavitSaCreeperov-Template.sb3,3a7a61b69491fd72a16a359d570637ecad907a93
workshop-scratch-7-9,KsO-ZbavitSaCreeperov-Template.sb3,KsO-ZbavitSaCreeperov-Template.sb3,f9631bb0ee2c31d4f99d27b008bdecac08816127
workshop-scratch-7-9,ZbavitSaCreeperov.sb3,ZbavitSaCreeperov.sb3,3d5acc753b32d607b87427cfcea0bd95136446e8
workshop-scratch-7-9,ZbavitSaCreeperov.sb3,ZbavitSaCreeperov.sb3,fc2e3dae6636d45194cf09a26b19376991485659
workshop-scratch-7-9,ZbavitSaCreeperov.sb3,ZbavitSaCreeperov.sb3,6a40836e531cfc533c77e27c7d8ab56cd6b50576
workshop-scratch-7-9,ZbavitSaCreeperov.sb3,ZbavitSaCreeperov.sb3,e34c5b4fa1b638b147e6bf789d502785cd88bb39
workshop-scratch-7-9,ZbavitSaCreeperov-Template.sb3,ZbavitSaCreeperov-Template.sb3,da8b4583f6ebae2c314540a0612eb642d55d9d51
workshop-scratch-7-9,ZbavitSaCreeperov-Ukazka.sb3,ZbavitSaCreeperov-Ukazka.sb3,da8b4583f6ebae2c314540a0612eb642d55d9d51
workshop-scratch-7-9,ZbavitSaCreeperov-Ukazka.sb3,ZbavitSaCreeperov-Ukazka.sb3,9acdb0ccd03107c76e070348ab921df0a0c217a5
ArduinoJunior,003BreathLED.sb3,003BreathLED.sb3,71c27341367ea3e14213868e2aa0c458da712bd1
ArduinoJunior,004ButtonCtrlLED.sb3,004ButtonCtrlLED.sb3,9de2e17dfdeb967ac27a10fc45e2d1c7a5612792
ArduinoJunior,006Potentiometer.sb3,006Potentiometer.sb3,0634f758f4cbb88305d42f24194759657c0bc701
ArduinoJunior,007HowToUseAServo.sb3,007HowToUseAServo.sb3,1dd9008f110561f91d3cb22adb7b5880abd08181
ArduinoJunior,008HowToUseServo.sb3,008HowToUseServo.sb3,395ae9662aebc85cf4da806dfb41b54ece81d4a5
ArduinoJunior,009PotentiometerCtrledServo.sb3,009PotentiometerCtrledServo.sb3,76669bbfe3b9d948f8b96e565052ca8e8ac3e720
CodingPirates,Scratch/ScratchInvaders.sb3,Scratch/ScratchInvaders.sb3,2ea3baf6441bac43599535822e71a9f062deb208
CodingPirates,Scratch/Scratchinvaders.sb3,Scratch/Scratchinvaders.sb3,563714fec75925928b93c5b4cf72db817ca4c040
eabs,NewEdu/app/src/main/assets/PlayerAppDemo/img/PersonCome.sb3,NewEdu/app/src/main/assets/PlayerAppDemo/img/PersonCome.sb3,1e6e2397d10b4b6725c778f4f416f781341fc8eb
eabs,NewEdu/app/src/main/assets/PlayerAppDemo/img/PlayerEvtTest.sb3,NewEdu/app/src/main/assets/PlayerAppDemo/img/PlayerEvtTest.sb3,1e6e2397d10b4b6725c778f4f416f781341fc8eb
eabs,NewEdu/app/src/main/assets/PlayerAppDemo/img/ScratchAndroid.sb3,NewEdu/app/src/main/assets/PlayerAppDemo/img/ScratchAndroid.sb3,1e6e2397d10b4b6725c778f4f416f781341fc8eb
eabs,NewEdu/app/src/main/assets/PlayerAppDemo/img/ScratchFuncTest.sb3,NewEdu/app/src/main/assets/PlayerAppDemo/img/ScratchFuncTest.sb3,1e6e2397d10b4b6725c778f4f416f781341fc8eb
Spaceship,Catch_stars.sb3,Catch_stars.sb3,5a4185eeb032fd1dbf2fdbbc922aaa60107548ed
taxinomitis,mlforkids-scratch/scratch3/static/assets/00e4bc41f78b15dd0f97c81985bf13b1.sb3,mlforkids-scratch/scratch3/static/assets/00e4bc41f78b15dd0f97c81985bf13b1.sb3,a54787d580da6201a0c8abb5b3db44d758b2ba5b
taxinomitis,mlforkids-scratch/scratch3/static/assets/020bc481455654ebd1eeae0d80c00360.sb3,mlforkids-scratch/scratch3/static/assets/020bc481455654ebd1eeae0d80c00360.sb3,a54787d580da6201a0c8abb5b3db44d758b2ba5b
taxinomitis,mlforkids-scratch/scratch3/static/assets/04726e184b35e3d3d929f0a0cfe24607.sb3,mlforkids-scratch/scratch3/static/assets/04726e184b35e3d3d929f0a0cfe24607.sb3,2d26b38bd6f67a3d36924027f2cfb94d9b76f49a
taxinomitis,mlforkids-scratch/scratch3/static/assets/0844f955af46db58e75f417bb7be58e4.sb3,mlforkids-scratch/scratch3/static/assets/0844f955af46db58e75f417bb7be58e4.sb3,2d26b38bd6f67a3d36924027f2cfb94d9b76f49a
taxinomitis,mlforkids-scratch/scratch3/static/assets/0b4cb9ea94b31957877203df95de9bd8.sb3,mlforkids-scratch/scratch3/static/assets/0b4cb9ea94b31957877203df95de9bd8.sb3,2d26b38bd6f67a3d36924027f2cfb94d9b76f49a
taxinomitis,mlforkids-scratch/scratch3/static/assets/12239b355b9981a0cd4b8938c57a6cfb.sb3,mlforkids-scratch/scratch3/static/assets/12239b355b9981a0cd4b8938c57a6cfb.sb3,2d26b38bd6f67a3d36924027f2cfb94d9b76f49a
taxinomitis,mlforkids-scratch/scratch3/static/assets/13efcd4b83a77940286bfba11e432670.sb3,mlforkids-scratch/scratch3/static/assets/13efcd4b83a77940286bfba11e432670.sb3,a54787d580da6201a0c8abb5b3db44d758b2ba5b
raghav-sharma,leap_year/Leap_Year.sb3,leap_year/Leap_Year.sb3,91b259643edf5cd6660ff030d4687206b96093b4
ml2scratch,sample_projects/1or2.sb3,sample_projects/1or2.sb3,b92afc8fe548c6499bd7c2ac44b1a4e06615673a
ml2scratch,sample_projects/1or2.sb3,sample_projects/1or2.sb3,d7d3a097c62c95e25bb2c03a53d91248100da105
ml2scratch,sample_projects/1or2.sb3,sample_projects/1or2.sb3,3eee2e3b14faa34bd1c7ca3ba20661b614ca8bb1
ml2scratch,sample_projects/ml_pong.sb3,sample_projects/ml_pong.sb3,6356c459c139611259096b067935126ed7fbef75
ml2scratch,sample_projects/pong.sb3,sample_projects/pong.sb3,ab254da14f3bc61a3061c55b4073b849f067a256
ml2scratch,sample_projects/pong.sb3,sample_projects/pong.sb3,6356c459c139611259096b067935126ed7fbef75
ml2scratch,sample_projects/xcratch/sample.sb3,sample_projects/xcratch/sample.sb3,b4d2b2d271e3aa49d61e6807515aab012b652671
ml2scratch,sample_projects/xcratch/sample.sb3,sample_projects/xcratch/sample.sb3,4bf52ccc92f34f25454ceaf7601223422f4d8762
lesson13,lesson13_3.sb3,lesson13_3.sb3,8aaeb3b674a06dd6ce5cededd20cbd0ba6e9b7d9
lesson13,lesson13_3.sb3,lesson13_3.sb3,5921658c5fcde56c8c22a8297f751070c724b2f7
CS50---Problem-Set-0-bbt,bbt.sb3,bbt.sb3,8f9ad0aa639fcd0397b6020ee466b708fa3fef1c
CS50---Problem-Set-0-bbt,bbt.sb3,bbt.sb3,ba8f8e6d6a89ac0e172a2b9b9dc089cc57c2a256
codio-creative-computing,0.1-scratch-surprise/scratch-surprise.sb3,0.1-scratch-surprise/scratch-surprise.sb3,fb1d359b824aa42d20a431e9204e991b5ab020c1
codio-creative-computing,1.1-step-by-step/step-by-step.sb3,1.1-step-by-step/step-by-step.sb3,fb1d359b824aa42d20a431e9204e991b5ab020c1
codio-creative-computing,1.1-step-by-step/step-by-step.sb3,1.1-step-by-step/step-by-step.sb3,237b604b1edf3a1bcccf2b166e0cd3dff6255962
codio-creative-computing,4.4-debug-it/debug-it-4.2.sb3,4.4-debug-it/debug-it-4.2.sb3,908bc7f43bbb7ac7374cd1e66d71bb1e3523b58a
codio-creative-computing,4.4-debug-it/debug-it-4.3.sb3,4.4-debug-it/debug-it-4.3.sb3,908bc7f43bbb7ac7374cd1e66d71bb1e3523b58a
codio-creative-computing,4.4-debug-it/debug-it-4.4.sb3,4.4-debug-it/debug-it-4.4.sb3,908bc7f43bbb7ac7374cd1e66d71bb1e3523b58a
coderunners2019.github.io,W1_Bread_Greeting.sb3,W1_Bread_Greeting.sb3,1c027e350da8d0da120fba63f79b7e7028c03791
coderunners2019.github.io,W1_Bread_Story.sb3,W1_Bread_Story.sb3,1c027e350da8d0da120fba63f79b7e7028c03791
coderunners2019.github.io,W1_Kickinit_Greeting.sb3,W1_Kickinit_Greeting.sb3,eded66e978147cd1fb5a0a8424cb0955748a8747
coderunners2019.github.io,W1_Kickinit_Story.sb3,W1_Kickinit_Story.sb3,eded66e978147cd1fb5a0a8424cb0955748a8747
coderunners2019.github.io,W1_Team_Infinity_Greeting.sb3,W1_Team_Infinity_Greeting.sb3,1c027e350da8d0da120fba63f79b7e7028c03791
coderunners2019.github.io,W1_Team_Infinity_Story.sb3,W1_Team_Infinity_Story.sb3,1c027e350da8d0da120fba63f79b7e7028c03791
coderunners2019.github.io,week1/Recovery4/W1_Kickinit/W1_Kickinit_Greeting.sb3,week1/Recovery4/W1_Kickinit/W1_Kickinit_Greeting.sb3,3f03626205937c2987388fc40e0d69c85478f895
coderunners2019.github.io,week1/Recovery4/W1_Kickinit/W1_Kickinit_Story.sb3,week1/Recovery4/W1_Kickinit/W1_Kickinit_Story.sb3,3f03626205937c2987388fc40e0d69c85478f895
MUST-PUSH-BUTTON,MUST-PUSH-BUTTON.sb3,MUST-PUSH-BUTTON.sb3,961b7923821ae95106bf9886e4081d031eebb01e
harvardx,aaron_CS50_w0.sb3,aaron_CS50_w0.sb3,50d84049859b9580767744090cbde72d11aa9d6e
harvardx,w0/aaron_CS50_w0.sb3,w0/aaron_CS50_w0.sb3,130953b653f3bd20a6cbd637db24a124d1087e27
IntroCompEdu-2020,scratch/ex03-salary.sb3,scratch/ex03-salary.sb3,9a003f452710eb668092b0e5627dc19a3a631fe8
IntroCompEdu-2020,scratch/ex04-fibonacci.sb3,scratch/ex04-fibonacci.sb3,9a003f452710eb668092b0e5627dc19a3a631fe8
HTML-and-CSS-Projects,python_assig/SimpleMath.sb3,python_assig/SimpleMath.sb3,b1dee63509eedf3f7716e5eea94b6693a21f23cb
HTML-and-CSS-Projects,SimpleMath.sb3,SimpleMath.sb3,86a3b11f66aaf68778761e2571d00e537f50780f
thecompletescratchguide,.gitbook/assets/polygon.sb3,.gitbook/assets/polygon.sb3,37958a267e893123bfd03a9078767c37e4c9e436
thecompletescratchguide,.gitbook/assets/spin-cat.sb3,.gitbook/assets/spin-cat.sb3,3d58e37670fc8bb709c1ed88a6b357b55f43e14c
RADWIMPS,RADWIMPS.sb3,RADWIMPS.sb3,fb24f5b340432117ec821a3b1480eb12e840a831
RADWIMPS,RADWIMPS.sb3,RADWIMPS.sb3,9130561d47a20ad4c4d9d35a28a81ef5a5090010
RADWIMPS,RADWIMPS.sb3,RADWIMPS.sb3,b89644a2c138c2c9184e4bcfd680690fc39c8f7b
RADWIMPS,RADWIMPS.sb3,RADWIMPS.sb3,d0dfe170be932d5058eb63882b9098a7a304444f
RADWIMPS,RADWIMPS-Smalruby.sb3,RADWIMPS-Smalruby.sb3,9790280fb7650ad13272bce1468adac4bd43d57d
RADWIMPS,RADWIMPS-Smalruby.sb3,RADWIMPS-Smalruby.sb3,9130561d47a20ad4c4d9d35a28a81ef5a5090010
AdventOfCode2020,day1/Day1Part1.sb3,day1/Day1Part1.sb3,5eaeb8b78aa555d2e04273e5e560cc6b6f07e27c
AdventOfCode2020,Day1Part1.sb3,Day1Part1.sb3,1a0d8c366b19a3381d7c1a9570bed5111f8038b6
PythonMarti,ba.sb3,ba.sb3,97e2307d8432bbf204191ebbdc84939848eb99cc
PythonMarti,testy_scratch/ba.sb3,testy_scratch/ba.sb3,0ce76f9e384545b588db71ae20347767360f5bf0
openeducationday2020,src/templates/Lego-Boost/Kalibrierung_Boost.sb3,src/templates/Lego-Boost/Kalibrierung_Boost.sb3,fc5007a5747a21da49b3359662c3b91b75624b85
openeducationday2020,src/templates/Lego-Boost/Kalibrierung.sb3,src/templates/Lego-Boost/Kalibrierung.sb3,890b4620f925ea6e23073b1ce0ba37094c1e210f
openeducationday2020,src/templates/Lego-Boost/Template_Boost.sb3,src/templates/Lego-Boost/Template_Boost.sb3,f6574bfa4bd27bb994958c57db3d593530cf5240
openeducationday2020,src/templates/Lego-Mindstorms-EV3/Kalibrierung_Mindstorms_EV3.sb3,src/templates/Lego-Mindstorms-EV3/Kalibrierung_Mindstorms_EV3.sb3,f6574bfa4bd27bb994958c57db3d593530cf5240
openeducationday2020,src/templates/Lego-Mindstorms-EV3/Template_Mindstorms_EV3.sb3,src/templates/Lego-Mindstorms-EV3/Template_Mindstorms_EV3.sb3,f6574bfa4bd27bb994958c57db3d593530cf5240
openeducationday2020,src/templates/Lego-WeDo2/Kalibrierung_WeDo2.sb3,src/templates/Lego-WeDo2/Kalibrierung_WeDo2.sb3,f6574bfa4bd27bb994958c57db3d593530cf5240
openeducationday2020,src/templates/Lego-WeDo2/Template_WeDo2.sb3,src/templates/Lego-WeDo2/Template_WeDo2.sb3,f6574bfa4bd27bb994958c57db3d593530cf5240
openeducationday2020,src/templates/Simulation/Template_Simulationsmodus.sb3,src/templates/Simulation/Template_Simulationsmodus.sb3,f6574bfa4bd27bb994958c57db3d593530cf5240
milestones-team13-cnguyen32-zwiegand,code/Loopz.sb3,code/Loopz.sb3,88644df99d5f5807fcedd11f1f0196059b44c118
Coding-for-Kids,Scratch/ScratchPython.sb3,Scratch/ScratchPython.sb3,068475d4236963307e1d5911152d1cde67324a82
APITest,APITest.sb3,APITest.sb3,b8263f61f2455b5a3a9b087dbacf8aa630c4d904
APITest,Project_6.sb3,Project_6.sb3,038d7ced3119aa413f47218ddb3b7587c5f86fee
APITest,Project.sb3,Project.sb3,a7d09f21759a75f4648a7685d31c68d3a55de171
APITest,test.sb3,test.sb3,ed324cf599087d5b79b945f4d94acbcb9c29b262
posenet2scratch,projects/nekorider.sb3,projects/nekorider.sb3,494424c30c1b817ebf9a65a6178dc6e40d20b8af
posenet2scratch,projects/nekorider.sb3,projects/nekorider.sb3,9c06a71d8f60e56b3410019990ae7ab215e8eb11
posenet2scratch,projects/nekorider.sb3,projects/nekorider.sb3,03a4cca235560a1dfea8924572ced0909eba08cf
posenet2scratch,sample_projects/xcratch/kashikokunaru.sb3,sample_projects/xcratch/kashikokunaru.sb3,cd77644ed0d00de714f517524f9d85041883deb2
posenet2scratch,sample_projects/xcratch/kashikokunaru.sb3,sample_projects/xcratch/kashikokunaru.sb3,5c8526f06c0e1f9493b607cfcb7b2e3016445cc6
posenet2scratch,sample_projects/xcratch/sample.sb3,sample_projects/xcratch/sample.sb3,cd77644ed0d00de714f517524f9d85041883deb2
posenet2scratch,sample_projects/xcratch/sample.sb3,sample_projects/xcratch/sample.sb3,75fc2a4b87841bc8f1e426e3b6e2f7f91d141346
Eat-shit3.0,shit2.0.sb3,shit2.0.sb3,0faf1bb193ff91f361a0fe620dd283fb58c69e02
Eat-shit3.0,shit3.0.sb3,shit3.0.sb3,de8db493e09f09a884ec3d21172e3f09b4221988
HeziScratchCoding,AnimalRace.sb3,AnimalRace.sb3,0b2735ec7879f9c97ead0998e767e17747362830
HeziScratchCoding,AnimalRace.sb3,AnimalRace.sb3,b864212b4cbd92195f46ecdd3e635a703cb8e8b2
Pensamento-Computacional,Converte_Real.sb3,Converte_Real.sb3,100f0a59f433f77cc4bb6655557c16babd2569ad
Pensamento-Computacional,Maior_100-Aula03.sb3,Maior_100-Aula03.sb3,ae2921dfd11262f402bd5e29e0bbde055784e239
Pensamento-Computacional,Media_Nota1_Nota2-Aula03.sb3,Media_Nota1_Nota2-Aula03.sb3,74de0f6c1bd6f51a95c8f821e4e79e7284f02a22
Pensamento-Computacional,Numero_Par_Impar-Aula02.sb3,Numero_Par_Impar-Aula02.sb3,cc91cff60c35979c4dfe036cbf3e1ea3ff9639c9
coding-class-scratch-python,lezione1/scratch/esempio1.sb3,lezione1/scratch/esempio1.sb3,e9328eda16e163666b95d852983bc354b9fa3471
coding-class-scratch-python,lezione1/scratch/esempio2.sb3,lezione1/scratch/esempio2.sb3,9504b2a3bc8af7942813b0a63fd52b3698394413
coding-class-scratch-python,lezione1/scratch/esempio3_if_then_else.sb3,lezione1/scratch/esempio3_if_then_else.sb3,510ad1a81b418c37aa8cff1fc91088a5be2b05a7
coding-class-scratch-python,lezione1/scratch/esempio5_for.sb3,lezione1/scratch/esempio5_for.sb3,116045b501368b71d46828f6ccb900f253a14451
coding-class-scratch-python,lezione1/scratch/esmpio4_while.sb3,lezione1/scratch/esmpio4_while.sb3,116045b501368b71d46828f6ccb900f253a14451
coding-class-scratch-python,lezione2/scratch/calcolatrice.sb3,lezione2/scratch/calcolatrice.sb3,855b58a01378a6d2f68024de868e54db4519f709
coding-class-scratch-python,lezione2/scratch/calcolatrice.sb3,lezione2/scratch/calcolatrice.sb3,1a3379a3af39e154544c25228754e440f6dda1dc
coding-class-scratch-python,scratch/esempio1.sb3,scratch/esempio1.sb3,9a7e1439574ae51e09775b558862cb269e29667f
kids,computer_sciences/programming_languages/scratch/season01/lesson01/lesson01_ex01.sb3,computer_sciences/programming_languages/scratch/season01/lesson01/lesson01_ex01.sb3,692fc85617e6fb4243a140a1a65bc4dcc329eb30
kids,computer_sciences/programming_languages/scratch/season01/lesson02/bakhtiyar_scratch_ex001_2019nov10.sb3,computer_sciences/programming_languages/scratch/season01/lesson02/bakhtiyar_scratch_ex001_2019nov10.sb3,692fc85617e6fb4243a140a1a65bc4dcc329eb30
kids,computer_sciences/programming_languages/scratch/season01/lesson02/batima_scratch_ex002_2020feb12.sb3,computer_sciences/programming_languages/scratch/season01/lesson02/batima_scratch_ex002_2020feb12.sb3,692fc85617e6fb4243a140a1a65bc4dcc329eb30
kids,computer_sciences/programming_languages/scratch/season01/lesson02/batima_scratch_ex003_2020feb12.sb3,computer_sciences/programming_languages/scratch/season01/lesson02/batima_scratch_ex003_2020feb12.sb3,692fc85617e6fb4243a140a1a65bc4dcc329eb30
kids,computer_sciences/programming_languages/scratch/season01/lesson02/batima_scratch_ex004_2020feb13.sb3,computer_sciences/programming_languages/scratch/season01/lesson02/batima_scratch_ex004_2020feb13.sb3,692fc85617e6fb4243a140a1a65bc4dcc329eb30
kids,computer_sciences/programming_languages/scratch/season01/lesson02/lesson02_ex01.sb3,computer_sciences/programming_languages/scratch/season01/lesson02/lesson02_ex01.sb3,692fc85617e6fb4243a140a1a65bc4dcc329eb30
kids,computer_sciences/programming_languages/scratch/season01/lesson03/lesson03_ex01_Riding_a_train_1st_person_but_you_crash_by_geckos121.sb3,computer_sciences/programming_languages/scratch/season01/lesson03/lesson03_ex01_Riding_a_train_1st_person_but_you_crash_by_geckos121.sb3,692fc85617e6fb4243a140a1a65bc4dcc329eb30
kids,computer_sciences/programming_languages/scratch/season01/lesson03/lesson03_ex02_a_batter.sb3,computer_sciences/programming_languages/scratch/season01/lesson03/lesson03_ex02_a_batter.sb3,692fc85617e6fb4243a140a1a65bc4dcc329eb30
kids,computer_sciences/programming_languages/scratch/season01/lesson03/lesson03_ex03_a_bouncing_ball.sb3,computer_sciences/programming_languages/scratch/season01/lesson03/lesson03_ex03_a_bouncing_ball.sb3,692fc85617e6fb4243a140a1a65bc4dcc329eb30
kids,computer_sciences/programming_languages/scratch/season01/lesson03/lesson03_ex04_a_train_station.sb3,computer_sciences/programming_languages/scratch/season01/lesson03/lesson03_ex04_a_train_station.sb3,692fc85617e6fb4243a140a1a65bc4dcc329eb30
kids,computer_sciences/programming_languages/scratch/season01/lesson03/lesson03_ex05_the_earths_rotation.sb3,computer_sciences/programming_languages/scratch/season01/lesson03/lesson03_ex05_the_earths_rotation.sb3,692fc85617e6fb4243a140a1a65bc4dcc329eb30
kids,computer_sciences/programming_languages/scratch/season01/lesson03/lesson03_ex06_the_polar_bear.sb3,computer_sciences/programming_languages/scratch/season01/lesson03/lesson03_ex06_the_polar_bear.sb3,692fc85617e6fb4243a140a1a65bc4dcc329eb30
kids,computer_sciences/programming_languages/scratch/season01/lesson03/lesson03_ex07_f1_fomula.sb3,computer_sciences/programming_languages/scratch/season01/lesson03/lesson03_ex07_f1_fomula.sb3,692fc85617e6fb4243a140a1a65bc4dcc329eb30
kids,computer_sciences/programming_languages/scratch/season01/lesson03/lesson03_ex08_walking_cat.sb3,computer_sciences/programming_languages/scratch/season01/lesson03/lesson03_ex08_walking_cat.sb3,692fc85617e6fb4243a140a1a65bc4dcc329eb30
kids,computer_sciences/programming_languages/scratch/season01/lesson03/lesson03_ex09_flying_bat.sb3,computer_sciences/programming_languages/scratch/season01/lesson03/lesson03_ex09_flying_bat.sb3,692fc85617e6fb4243a140a1a65bc4dcc329eb30
kids,computer_sciences/programming_languages/scratch/season01/lesson03/lesson03_ex10_running_zebra.sb3,computer_sciences/programming_languages/scratch/season01/lesson03/lesson03_ex10_running_zebra.sb3,692fc85617e6fb4243a140a1a65bc4dcc329eb30
kids,computer_sciences/programming_languages/scratch/season01/lesson03/lesson03_ex11_bakhtiyar_space_band.sb3,computer_sciences/programming_languages/scratch/season01/lesson03/lesson03_ex11_bakhtiyar_space_band.sb3,692fc85617e6fb4243a140a1a65bc4dcc329eb30
kids,computer_sciences/programming_languages/scratch/season01/lesson03/lesson03_ex12_a_flying_cat.sb3,computer_sciences/programming_languages/scratch/season01/lesson03/lesson03_ex12_a_flying_cat.sb3,692fc85617e6fb4243a140a1a65bc4dcc329eb30
kids,computer_sciences/programming_languages/scratch/season01/lesson03/lesson03_ex13_bakhtiyar_space_band2.sb3,computer_sciences/programming_languages/scratch/season01/lesson03/lesson03_ex13_bakhtiyar_space_band2.sb3,692fc85617e6fb4243a140a1a65bc4dcc329eb30
kids,computer_sciences/programming_languages/scratch/season01/lesson03/lesson03_ex14_Happy_New_Year.sb3,computer_sciences/programming_languages/scratch/season01/lesson03/lesson03_ex14_Happy_New_Year.sb3,692fc85617e6fb4243a140a1a65bc4dcc329eb30
kids,computer_sciences/programming_languages/scratch/season01/lesson03/lesson03_ex15_Happy_New_Year.sb3,computer_sciences/programming_languages/scratch/season01/lesson03/lesson03_ex15_Happy_New_Year.sb3,692fc85617e6fb4243a140a1a65bc4dcc329eb30
kids,computer_sciences/programming_languages/scratch/season01/lesson03/lesson03_ex17_ITS_A_NEW_YEAR_SO_HERES_ANOTHER_ONE.sb3,computer_sciences/programming_languages/scratch/season01/lesson03/lesson03_ex17_ITS_A_NEW_YEAR_SO_HERES_ANOTHER_ONE.sb3,692fc85617e6fb4243a140a1a65bc4dcc329eb30
kids,computer_sciences/programming_languages/scratch/season01/lesson03/lesson03_ex19_Poly_Arts_for_Lunar_New_Year.sb3,computer_sciences/programming_languages/scratch/season01/lesson03/lesson03_ex19_Poly_Arts_for_Lunar_New_Year.sb3,692fc85617e6fb4243a140a1a65bc4dcc329eb30
kids,computer_sciences/programming_languages/scratch/season01/lesson03/lesson03_ex20_The_Biggest_Dilemma_On_New_Year.sb3,computer_sciences/programming_languages/scratch/season01/lesson03/lesson03_ex20_The_Biggest_Dilemma_On_New_Year.sb3,692fc85617e6fb4243a140a1a65bc4dcc329eb30
kids,computer_sciences/programming_languages/scratch/season01/lesson03/lesson03_ex21_The_New_Year.sb3,computer_sciences/programming_languages/scratch/season01/lesson03/lesson03_ex21_The_New_Year.sb3,692fc85617e6fb4243a140a1a65bc4dcc329eb30
kids,computer_sciences/programming_languages/scratch/season01/lesson03/lesson03_ex22_SDS_New_year._new_plans_2020_edition.sb3,computer_sciences/programming_languages/scratch/season01/lesson03/lesson03_ex22_SDS_New_year._new_plans_2020_edition.sb3,692fc85617e6fb4243a140a1a65bc4dcc329eb30
kids,computer_sciences/programming_languages/scratch/season01/lesson03/lesson03_ex23_Chinese_New_Year_Card.sb3,computer_sciences/programming_languages/scratch/season01/lesson03/lesson03_ex23_Chinese_New_Year_Card.sb3,692fc85617e6fb4243a140a1a65bc4dcc329eb30
kids,computer_sciences/programming_languages/scratch/season01/lesson04/lesson04_ex01_Sichuan_opera_face.sb3,computer_sciences/programming_languages/scratch/season01/lesson04/lesson04_ex01_Sichuan_opera_face.sb3,692fc85617e6fb4243a140a1a65bc4dcc329eb30
kids,computer_sciences/programming_languages/scratch/season01/lesson04/lesson04_ex02_a_chameleon.sb3,computer_sciences/programming_languages/scratch/season01/lesson04/lesson04_ex02_a_chameleon.sb3,692fc85617e6fb4243a140a1a65bc4dcc329eb30
kids,computer_sciences/programming_languages/scratch/season01/lesson04/lesson04_ex03_Transformers.sb3,computer_sciences/programming_languages/scratch/season01/lesson04/lesson04_ex03_Transformers.sb3,692fc85617e6fb4243a140a1a65bc4dcc329eb30
kids,computer_sciences/programming_languages/scratch/season01/lesson04/lesson04_ex04_keyhole_imaging.sb3,computer_sciences/programming_languages/scratch/season01/lesson04/lesson04_ex04_keyhole_imaging.sb3,692fc85617e6fb4243a140a1a65bc4dcc329eb30
kids,computer_sciences/programming_languages/scratch/season01/lesson04/lesson04_ex05_alphabet_strokes_EN.sb3,computer_sciences/programming_languages/scratch/season01/lesson04/lesson04_ex05_alphabet_strokes_EN.sb3,692fc85617e6fb4243a140a1a65bc4dcc329eb30
kids,computer_sciences/programming_languages/scratch/season01/lesson04/lesson04_ex06_alphabet_strokes_KZ.sb3,computer_sciences/programming_languages/scratch/season01/lesson04/lesson04_ex06_alphabet_strokes_KZ.sb3,692fc85617e6fb4243a140a1a65bc4dcc329eb30
kids,computer_sciences/programming_languages/scratch/season01/lesson04/lesson04_ex07_alphabet_strokes_CN.sb3,computer_sciences/programming_languages/scratch/season01/lesson04/lesson04_ex07_alphabet_strokes_CN.sb3,692fc85617e6fb4243a140a1a65bc4dcc329eb30
