01mingyi.github.io,1233f08732458026aaab465d81c3dbb8e6096c73,Update index.html
01mingyi.github.io,a5273ee0aa408e02a08273421caf560d72b14445,Add files via upload
01mingyi.github.io,77e364deaf66da5df79c658cf823046b50d14c89,Create read.me
01mingyi.github.io,d3d5d2dc02cb876e0b5307e87fbb56a307f52e63,Add files via upload
01mingyi.github.io,cc8e41ffe3b7661aa54d28204c7efcfd4425974c,Create README.md
01mingyi.github.io,cf86d5a2c30e17a87635c9a8c2454e81fb51c4fc,Delete README.md
01mingyi.github.io,8e53b55a7a4c146b6d6b3d827ff2712fdc4d8abd,test
01mingyi.github.io,9e5a977de8347573c66e644a489ffced379b7192,Initial commit
myprojectdownload,d7398f28afcc94959ac4af6fe2904e2710264b06,remove local host link
myprojectdownload,aceee31d658cb869d1a06f5dceb249b1d5588815,remove localhost database add orignal database
myprojectdownload,71722c8cece5796ae540e13a027c250e076a7726,remove localhost database add orignal database
myprojectdownload,eedd575fb4e6061162d5d08e41ef277411077d0f,authanti
myprojectdownload,b31ec967169587b6a5149ee4f6186513ea8fc275,extrct
myprojectdownload,c4b323d46dde311f9836552ae1ba948ab896945e,init
myprojectdownload,3b0be926cf518204ae6c2481ee4e6f5b823e3f42,Initial commit
scratch-physics-thing,c633825c8dd3b33b7afca02048697fb0ecac8a77,Add files via upload eg
Zombie-Shooter-in-Scratch,7fdfeafd5052ede2fbb8bf21963a7547cb3524ae,Update README.md Added info about needing final score counter
Zombie-Shooter-in-Scratch,deb436af459e007374da48acd9fa2e0ed209b514,Create README.md
Zombie-Shooter-in-Scratch,83143c732cdf6bc646d32701b9b1fb9c6ec3bf6a,Add files via upload
