tests/out/fib_10_iter.sb3,scratchc,6d22d7b99c56f5f349ee5ae26d26d672ec6e9969
W1_Kickinit_Story.sb3,coderunners2019.github.io,eded66e978147cd1fb5a0a8424cb0955748a8747
w0/aaron_CS50_w0.sb3,harvardx,50d84049859b9580767744090cbde72d11aa9d6e
CotxeRobot.sb3,scratches,18267b418eba889d016be85b2547c07ba54bc97d
NewEdu/app/src/main/assets/PlayerAppDemo/img/ScratchFuncTest.sb3,eabs,1e6e2397d10b4b6725c778f4f416f781341fc8eb
computer_sciences/programming_languages/scratch/season01/lesson03/lesson03_ex07_f1_fomula.sb3,kids,aa8420b2fe6d3ee8228311f84178afa510bd5f83
4.4-debug-it/debug-it-4.4.sb3,codio-creative-computing,5ea83538a6c84ab46cf07a6ef4bb0021e5c85b4a
Scratch/Hummer-Bot4.0_MagicBlock/Demo/Hardware test program/Infrared remote control button test.sb3,hummer-bot,908f0252c2d7c6392b906a92d5e1b523575320e2
Catch the yellow ball!.sb3,onlineclassbabay,f852239d9c89a5226ea637446a8bf6482d27e453
KAS/birthdaycard.sb3,danche24.github.io,358d8f2a87a3a8f9a80128f605a0d79af9d88d91
2.4-debug-it/Debug It! 2.3.sb3,codio-creative-computing,5ea83538a6c84ab46cf07a6ef4bb0021e5c85b4a
lezione1/scratch/esmpio4_while.sb3,coding-class-scratch-python,9a7e1439574ae51e09775b558862cb269e29667f
src/templates/Lego-WeDo2/Kalibrierung_WeDo2.sb3,openeducationday2020,890b4620f925ea6e23073b1ce0ba37094c1e210f
scratch/Pythagorian Tuning.sb3,pythagorean-tuning,0c09d4495f8c547f45a4cd15479d0833cedec06d
008HowToUseServo.sb3,ArduinoJunior,ab7184fefd279e798e32deaa8bf1883c711db3a6
4.4-debug-it/debug-it-4.2.sb3,codio-creative-computing,5ea83538a6c84ab46cf07a6ef4bb0021e5c85b4a
act1-grading-scripts/sample2.sb3,automated-assessment,96d46cd9d059022c49bd8ff7f9ecc2104666f4bb
bbt.sb3,CS50---Problem-Set-0-bbt,8f9ad0aa639fcd0397b6020ee466b708fa3fef1c
Scratch Project v3.sb3,CS50-projects,44ff0680aa5ea815583eee752634c76cb9a0d98c
paint-box/zh-TW/solutions/Paint Box.sb3,code-club-learning-resources,b7e39ecfabfd2ac696e7b83839fc24552cc9e3fa
Scratch/Hummer-Bot4.0_MagicBlock/Demo/Function program/PS2Test.sb3,hummer-bot,908f0252c2d7c6392b906a92d5e1b523575320e2
Scratch/Ch5-Sc/Ch5-1-bubbleSort.sb3,ourProgramming,35f194f6703ddbdee6ca4b8b353d214955b6ff93
W1_Bread_Video Game.sb3,coderunners2019.github.io,1c027e350da8d0da120fba63f79b7e7028c03791
Corona Library.sb3,scratch-files,b3bbced499f05a23dbd11f29f704e6462c23fff0
test-projects/Unicorn Maker.sb3,automated-assessment,006e85d05398858e85d1e019b04a76a9760aa3ed
v2/csil/resources/template.sb3,scratch-gcc,4330a6df6bf16401270e9a427ed4646ed17b4862
src/projects/year-4/carrot-collector/resources/carrot-collector.sb3,primary-programming,759677ca1e6a684897ef62efd0f98f9830a9a0cd
MUST-PUSH-BUTTON.sb3,MUST-PUSH-BUTTON,491e55963bf8d2b040c519658e37c0db25d1e9ee
W1_Team_Infinity_Story.sb3,coderunners2019.github.io,1c027e350da8d0da120fba63f79b7e7028c03791
My Stories (1).sb3,pineapple-projects,7f93d7325ed21ba904222a3abfc1379a7fb60a11
Scratch/proyectoScratch1(old).sb3,CodigoMisionTIC,f1b15e6be27e765ce28fe3df8e15a5c8103ae8b1
book storage/the vere hungre caterpillar.sb3,scratch-projects-backup,4c188d3fa2a352fb56a1e49e5fd0452f6c4c1678
scratch/ex04-fibonacci.sb3,IntroCompEdu-2020,5765df83fe909b20ece06c0d965ca4ce02c98035
Amalia's game fair project (1).sb3,wave-a-wand,6a89289f743abfb9e977a6d89d9ff9b4531d9125
RADWIMPS-Smalruby.sb3,RADWIMPS,9790280fb7650ad13272bce1468adac4bd43d57d
computer_sciences/programming_languages/scratch/season01/lesson03/lesson03_ex10_running_zebra.sb3,kids,030a8e6dba6d6b6ee0a0faece0dbcd179ef649bd
.guides/secure/setupfixit2/setupfixit2.sb3,hello-codio-scratch,a4ac806b2063770bd1b788668f3c947995a115ee
computer_sciences/programming_languages/scratch/season01/lesson04/lesson04_ex05_alphabet_strokes_EN.sb3,kids,aa8420b2fe6d3ee8228311f84178afa510bd5f83
Scratch/PONG.sb3,FaceDetectionBackend,eb390a919b80bc6ff190067dec6b7790b20e57b5
MazeProject.sb3,pineapple-projects,ad87f0b45f3f07d5ea87ee688fcb948271a86440
test/fib_10_recr.sb3,scratchc,6d22d7b99c56f5f349ee5ae26d26d672ec6e9969
src/templates/Lego-Boost/Kalibrierung_Boost.sb3,openeducationday2020,890b4620f925ea6e23073b1ce0ba37094c1e210f
computer_sciences/programming_languages/scratch/season01/lesson02/batima_scratch_ex003_2020feb12.sb3,kids,e27319990502b732492be9dafbf646f9761e2483
RADWIMPS.sb3,RADWIMPS,fb24f5b340432117ec821a3b1480eb12e840a831
pt-PT/solutions/rock-band-finished.sb3,lms,d8d9d22aaa1bfe52a40654e54d28e0c03753095b
Wand-microbit.sb3,scratch3.0,0801e7d9dbc8c6a54c9bfc8ff32f504eee8cf02a
week1/Recovery4/W1_Kickinit/W1_Kickinit_Video Game.sb3,coderunners2019.github.io,31b98ee800675a6dc23a9228a765591e6db9e5b3
week1/Recovery4/W1_Kickinit/W1_Kickinit_Greeting.sb3,coderunners2019.github.io,eded66e978147cd1fb5a0a8424cb0955748a8747
sIoT.sb3,IoT,518dd6427faed51ba8c363d75fb1256d98e9448c
ScratchProject.sb3,scratchrencor,7fb6ff55fba4517b2c1344c7e5074a164f579836
bacagan batle/Scratch Project.sb3,scratch-projects-backup,b9d15bdec4ea8470f4960dd7734b7f179eb1f6da
simpletree.sb3,rjmscratch,41dda34cc6c528a78d8cca18198ad1219b70da5d
BHARATHI/Scratch Project.sb3,codeclub,035f8289368eae9673652d46c94a42e74cd706e6
ko-KR/solutions/rock-band-finished.sb3,lms,d8d9d22aaa1bfe52a40654e54d28e0c03753095b
fast_and_curious/Tha Fast And The Curious- Epic Game.sb3,coderunners2019.github.io,f337601071e93d7c2ee3c8391c811d1f5c2fe2eb
Scratch/Car Racer.sb3,FaceDetectionBackend,d9b1e0f3b4473cf34eeff813dedb59125dd12cda
asset-manager-packager/tests/sb3/70.sb3,forkphorus.github.io,c475ccab9d0e3c1414448b1d831e919379eba919
ja-JP/solutions/rock-band-finished.sb3,lms,d8d9d22aaa1bfe52a40654e54d28e0c03753095b
fancytree.sb3,rjmscratch,41dda34cc6c528a78d8cca18198ad1219b70da5d
computer_sciences/programming_languages/scratch/season01/lesson04/lesson04_ex04_keyhole_imaging.sb3,kids,aa8420b2fe6d3ee8228311f84178afa510bd5f83
Scratch Project.sb3,CS50-projects,9182a3619903d568697dbd5e0e8422e0029a45de
Fall_2023/level/4/docs/Outrun the Robot Lawyer.sb3,codingthelaw,898f9706bc28c03ccb76a6219ad46b4daa1e62ee
week1/no_buddy/Scratch Project.sb3,coderunners2019.github.io,e00af1db281b47994721eab14da9e4c85bc86b67
tr-TR/solutions/lost-in-space-solution.sb3,lost-in-space,bcfa70fe8dcfe2f071154d296dd383fe290d139c
uebungsanleitungen/programmieren/scratch/fledermaus/Fledermaus-Quiz.sb3,preview-coderdojo-linz.github.io,623b4a3b00f732772d0d39ebe1a71c7eb9570abb
test.sb3,scratch-gcc,4330a6df6bf16401270e9a427ed4646ed17b4862
W1_Bread_Edu Game.sb3,coderunners2019.github.io,1c027e350da8d0da120fba63f79b7e7028c03791
3.4-debug-it/Debug-It 3.1.sb3,codio-creative-computing,5ea83538a6c84ab46cf07a6ef4bb0021e5c85b4a
test/stop_all.sb3,scratchc,6d22d7b99c56f5f349ee5ae26d26d672ec6e9969
ProblemSet2/scratch.sb3,Gillis,50f217b2d1e1c540a80a7dec88d79fcc88702797
Scratch/Hummer-Bot4.0_MagicBlock/Demo/Function program/Tracking.sb3,hummer-bot,908f0252c2d7c6392b906a92d5e1b523575320e2
lezione5/scratch/calcolatrice_fermatutto.sb3,coding-class-stem2020-scientifico-marsala,42fa69645b245b3baeae9d6754004cbcf57ada54
Hungry Bear.sb3,Scratch-Project-3,3acb3e9b0407a1bb9908fcaf60ebb8e2864c2be3
boat-race/zh-TW/solutions/BoatRace-Finished.sb3,code-club-learning-resources,b7e39ecfabfd2ac696e7b83839fc24552cc9e3fa
zh-CN/solutions/rock-band-finished.sb3,lms,d8d9d22aaa1bfe52a40654e54d28e0c03753095b
computer_sciences/programming_languages/scratch/season01/lesson04/lesson04_ex08_Magic_Production.sb3,kids,aa8420b2fe6d3ee8228311f84178afa510bd5f83
project.sb3,scratch-gcc,4330a6df6bf16401270e9a427ed4646ed17b4862
week1/R6/Scratch Project (4).sb3,coderunners2019.github.io,1c027e350da8d0da120fba63f79b7e7028c03791
Scratch/PONG (3) (1).sb3,FaceDetectionBackend,8c8d9d11026b973155a5db9511ae540d7300c5e6
src/projects/year-5/parachute-drop/resources/Parachute-Drop.sb3,primary-programming,a5fe2cde8e50f3e5f26ccdec361fe3e0dcf4c471
computer_sciences/programming_languages/scratch/season01/lesson02/bakhtiyar_scratch_ex001_2019nov10.sb3,kids,503b0c2e7e9b206dbfa82e4b7ab5b6bdd09937f9
pset0/Drop apples game.sb3,harvard-cs5ox-2021-pset-solutions,7dcbcc4cb1b674774a75a4d76927a4f0123b0952
computer_sciences/programming_languages/scratch/season01/lesson03/lesson03_ex06_the_polar_bear.sb3,kids,c71692492e169fa0fa45b70d83d04e9e46a1be9f
no_buddy/Scratch Project (3).sb3,coderunners2019.github.io,f337601071e93d7c2ee3c8391c811d1f5c2fe2eb
Scratch/Hummer-Bot4.0_MagicBlock/Demo/Function program/Infrared obstacle avoidance.sb3,hummer-bot,908f0252c2d7c6392b906a92d5e1b523575320e2
bridge.sb3,rjmscratch,41dda34cc6c528a78d8cca18198ad1219b70da5d
mlforkids-scratch/scratch3/static/assets/020bc481455654ebd1eeae0d80c00360.sb3,taxinomitis,b7d6041d7cd234962a07091f76dc9a70fb5df1cd
uebungsanleitungen/programmieren/scratch/scratch-dragons-realm-v3/Dragonrealm.sb3,preview-coderdojo-linz.github.io,623b4a3b00f732772d0d39ebe1a71c7eb9570abb
Scratch/EMOTIONAL-PONG (4).sb3,FaceDetectionBackend,eb390a919b80bc6ff190067dec6b7790b20e57b5
ex05/src/ex05.sb3,day02,d0fc7bfa5cd85992d78c9b7a0604787a637333c6
cs50 stuff/cs50x/week 0/Scratch Project.sb3,csprojects,22c551aa522df9957f2871e3799451e84d32251c
maze.sb3,rjmscratch,41dda34cc6c528a78d8cca18198ad1219b70da5d
uebungsanleitungen/programmieren/scratch/dragons-realm/Dragonrealm.sb3,preview-coderdojo-linz.github.io,623b4a3b00f732772d0d39ebe1a71c7eb9570abb
ro-RO/solutions/rock-band-finished.sb3,lms,d8d9d22aaa1bfe52a40654e54d28e0c03753095b
Kitty Cat Final.sb3,Amy-s-Projects,0590bc3fa602ed9460763b01f25bcf2594138480
Scratch/Ch4-Sc/Ch4-5.sb3,ourProgramming,35f194f6703ddbdee6ca4b8b353d214955b6ff93
AnimalRace.sb3,HeziScratchCoding,0b2735ec7879f9c97ead0998e767e17747362830
New_Version_sensors-actuators-master/Downloads/BatCat.sb3,WoT-Description,2d7fbf78e3e6379f249f7f28ca127b2fa0cce258
kn-IN/solutions/rock-band-finished.sb3,lms,d8d9d22aaa1bfe52a40654e54d28e0c03753095b
asset-manager-packager/tests/sb3/66-insert.sb3,forkphorus.github.io,daf604860fff907fed5b91b2ed3933b60c7f6d89
Catch the yellow ball! (4).sb3,onlineclassbabay,f852239d9c89a5226ea637446a8bf6482d27e453
computer_sciences/programming_languages/scratch/season01/lesson03/lesson03_ex15_Happy_New_Year.sb3,kids,d81ff14be4366e66b26fe98e44ff6bbbf5a3c5da
computer_sciences/programming_languages/scratch/season01/lesson04/lesson04_ex03_Transformers.sb3,kids,aa8420b2fe6d3ee8228311f84178afa510bd5f83
examples/cup_demo.sb3,scratch3-ros,2fdac5c9cf6d9c806794d2d008fdba14c1312681
asset-manager-packager/tests/sb3/operators.sb3,forkphorus.github.io,05f7fe0f9388d0979f40c6ee4e668104682fd81c
test/yes.sb3,scratchc,6d22d7b99c56f5f349ee5ae26d26d672ec6e9969
Scratch/Hummer-Bot4.0_MagicBlock/Demo/Function program/Infrared remote control.sb3,hummer-bot,908f0252c2d7c6392b906a92d5e1b523575320e2
Ejercicios/1_Dibujando con Scratch.sb3,App-Dibujo-Scratch,1a12bf527c4546a3be6ee2d38e3c2d3b6bf21770
Proyecto Scratch.sb3,tarea2dvj,48642a97a0e53c5e63f0472a700175a298bb0c52
Scratch/Emoti-Pong.sb3,FaceDetectionBackend,eb390a919b80bc6ff190067dec6b7790b20e57b5
Scratch/Car Race.sb3,FaceDetectionBackend,72d30627234d9c3a69d9ebe76cd0e3e6c80e2fe7
week1/no_buddy/The Fast And The Curious- Story2.sb3,coderunners2019.github.io,e00af1db281b47994721eab14da9e4c85bc86b67
projects/week9/Grid_Search_Teaching_Tool.sb3,scratch-tutorial-2020,3aa798674369ce6e44259309c823e1e279363b30
ProblemSet2/friendly game of baseball.sb3,Gillis,50f217b2d1e1c540a80a7dec88d79fcc88702797
projects/week10/3_Snake_Tail.sb3,scratch-tutorial-2020,05d69a5961897ebcb519c387e5aedc2010844b12
program/Snake Game.sb3,milestones-team13-cnguyen32-zwiegand,9ac408be587008a3a78c022e86f35e4207efd068
Workgun 2.0.sb3,EpikToast.github.io,9f5415a241e048b0da40bcec38b1e87263676704
youpy/examples/BallBar.sb3,youpy,3c9137dca2b6c2eda874a1336d7cd665f8ec7583
lecture-1/Whack a Mole Game.sb3,parallel-computing-lectures,3b08f7f12f4cf3d15b7082674559d0df707765e9
Scratch/car racer FINISHED.sb3,FaceDetectionBackend,72d30627234d9c3a69d9ebe76cd0e3e6c80e2fe7
asset-manager-packager/tests/sb3/63-random.sb3,forkphorus.github.io,9147db726e1abf12eb1b6587ce3e9954a2dc12a6
no_buddy/The Fast And The Curious- Greeting Card.sb3,coderunners2019.github.io,f337601071e93d7c2ee3c8391c811d1f5c2fe2eb
Scratch/Ch4-Sc/Ch4-8.sb3,ourProgramming,35f194f6703ddbdee6ca4b8b353d214955b6ff93
clases/clase3/Clase 3 - Ejercicio 3 compra de libros expresivamente feliz.sb3,herramientas-programacion,102715536a709f73a7b0d2314cbce2f22a54c747
psets/scratch/BananaPlease.sb3,CS50IntroductionHaryoiro,ae2a5ee78601843cbd25d8c5a1da439c6dd6926c
en/solutions/Scratch3Phrasebook6Dec.sb3,scratch-3-phrasebook,d9b679c1dc010ce05c27ca15281ed292d1272b57
nl-NL/solutions/lost-in-space-solution.sb3,lost-in-space,bcfa70fe8dcfe2f071154d296dd383fe290d139c
week1/Recovery4/W1_The Fast And the Curious/W1_The Fast and the Curious_Gretting.sb3,coderunners2019.github.io,f337601071e93d7c2ee3c8391c811d1f5c2fe2eb
sample_projects/ml_pong.sb3,ml2scratch,ab254da14f3bc61a3061c55b4073b849f067a256
easy server joiner(2).sb3,dabdatbass.github.io,0504e46cfcac48da62c639da72e0e3afe22e772b
Project.sb3,APITest,a7d09f21759a75f4648a7685d31c68d3a55de171
lesson13_3.sb3,lesson13,0d92d2b734f3a3d410fd9eafa34cae9baa0a3a1c
uebungsanleitungen/programmieren/scratch/dragons-realm-v3/Dragonrealm.sb3,preview-coderdojo-linz.github.io,623b4a3b00f732772d0d39ebe1a71c7eb9570abb
star.sb3,rjmscratch,41dda34cc6c528a78d8cca18198ad1219b70da5d
computer_sciences/programming_languages/scratch/season01/lesson03/lesson03_ex08_walking_cat.sb3,kids,aa8420b2fe6d3ee8228311f84178afa510bd5f83
Scratch/Emoti Pong.sb3,FaceDetectionBackend,eb390a919b80bc6ff190067dec6b7790b20e57b5
sample_projects/1or2.sb3,ml2scratch,b92afc8fe548c6499bd7c2ac44b1a4e06615673a
W1_Team Dominoes_Edu Game.sb3,coderunners2019.github.io,b858a441dc63f4182ef9629cdfa2d780f700bb01
scratch/esempio1.sb3,coding-class-scratch-python,9a7e1439574ae51e09775b558862cb269e29667f
no_buddy/The Fast And The Curious- Story.sb3,coderunners2019.github.io,f337601071e93d7c2ee3c8391c811d1f5c2fe2eb
test/stop_script.sb3,scratchc,6d22d7b99c56f5f349ee5ae26d26d672ec6e9969
TimmysNightmare.sb3,scratchrencor,74eb9bacda65f165b59b528f8e1e8ba1729cef29
hilbertcurve2d.sb3,rjmscratch,41dda34cc6c528a78d8cca18198ad1219b70da5d
Catch_stars.sb3,Spaceship,6ddafc5417dd224bdbf06b1bf18dfc88622c00a6
example/basic.sb3,sb3,003a9897e45ef913e91b77fc55736a6994db3207
Scratch Sets/number counter.sb3,Gillis,50f217b2d1e1c540a80a7dec88d79fcc88702797
2.4-debug-it/Debug It! 2.1.sb3,codio-creative-computing,5ea83538a6c84ab46cf07a6ef4bb0021e5c85b4a
projects/week6/Platformer.sb3,scratch-tutorial-2020,2b6ff0e6d17a2b30f344839e4a45cf5ee9fa00a6
uebungsanleitungen/programmieren/scratch/scratch-animated-postcard/animated_postcard.sb3,preview-coderdojo-linz.github.io,623b4a3b00f732772d0d39ebe1a71c7eb9570abb
act1-grading-scripts/ofrendaComplete.sb3,automated-assessment,96d46cd9d059022c49bd8ff7f9ecc2104666f4bb
Scratch/up and down pong.sb3,FaceDetectionBackend,eb390a919b80bc6ff190067dec6b7790b20e57b5
nl-NL/solutions/rock-band-finished.sb3,lms,d8d9d22aaa1bfe52a40654e54d28e0c03753095b
ex08/src/ex08.sb3,Repo02,2ae0669f23c4784490a008f92f0babec3f80986f
basic.sb3,scratch-gcc,4330a6df6bf16401270e9a427ed4646ed17b4862
TestTool/ArduinoMega2560/Mega2560.sb3,Auto-Delivery-Robot,a8f82250e0903c31c43dbd11525e5974190441b4
Scratch/Ch3-Sc/Ch3-6.sb3,ourProgramming,35f194f6703ddbdee6ca4b8b353d214955b6ff93
Einarbiger_Bandit/Einarmiger_Bandit.sb3,scratch-projects-exercises,602e41c8074c5bc84abb6df437540a7064b64a3f
projects/week10/1_Snake_Player_Movement.sb3,scratch-tutorial-2020,05d69a5961897ebcb519c387e5aedc2010844b12
computer_sciences/programming_languages/scratch/season01/lesson03/lesson03_ex17_ITS_A_NEW_YEAR_SO_HERES_ANOTHER_ONE.sb3,kids,d81ff14be4366e66b26fe98e44ff6bbbf5a3c5da
Scratch/Ch4-Sc/Ch4-10.sb3,ourProgramming,35f194f6703ddbdee6ca4b8b353d214955b6ff93
create-your-own-world/zh-TW/images/CreateYourOwnWorldResources.sb3,code-club-learning-resources,b7e39ecfabfd2ac696e7b83839fc24552cc9e3fa
es-LA/solutions/rock-band-finished.sb3,lms,d8d9d22aaa1bfe52a40654e54d28e0c03753095b
uk-UA/solutions/rock-band-finished.sb3,lms,d8d9d22aaa1bfe52a40654e54d28e0c03753095b
006Potentiometer.sb3,ArduinoJunior,ab7184fefd279e798e32deaa8bf1883c711db3a6
uebungsanleitungen/programmieren/scratch/pac-man-v3/pac-man-almost-done.sb3,preview-coderdojo-linz.github.io,623b4a3b00f732772d0d39ebe1a71c7eb9570abb
1.3-debug-it/Debug-It 1.1.sb3,codio-creative-computing,5ea83538a6c84ab46cf07a6ef4bb0021e5c85b4a
longitudes.sb3,rjmscratch,41dda34cc6c528a78d8cca18198ad1219b70da5d
act1-grading-scripts/onlyOneAphid.sb3,automated-assessment,f69dcfcc64b216a6ea2d42c2e93441a1b3b2a1a6
psets0.sb3,harvard-CS50,5eb2fd8e9d4ce819f092ab5ee7aa3d6dd282efdc
computer_sciences/programming_languages/scratch/season01/lesson03/lesson03_ex23_Chinese_New_Year_Card.sb3,kids,d81ff14be4366e66b26fe98e44ff6bbbf5a3c5da
computer_sciences/programming_languages/scratch/season01/lesson03/lesson03_ex01_Riding_a_train_1st_person_but_you_crash_by_geckos121.sb3,kids,aa8420b2fe6d3ee8228311f84178afa510bd5f83
boat-race/zh-TW/resources/BoatRaceResources.sb3,code-club-learning-resources,b7e39ecfabfd2ac696e7b83839fc24552cc9e3fa
clases/clase3/Clase 3 - Ejercicio 1 Un chocolatico.sb3,herramientas-programacion,102715536a709f73a7b0d2314cbce2f22a54c747
Media_Nota1_Nota2-Aula03.sb3,Pensamento-Computacional,cc91cff60c35979c4dfe036cbf3e1ea3ff9639c9
ca-ES/solutions/rock-band-finished.sb3,lms,d8d9d22aaa1bfe52a40654e54d28e0c03753095b
Zadania/Rakieta - gotowe.sb3,SampleApps,b8025875380daa4d41debe42d5bd2c07a520b02f
Scratch Project (4).sb3,CS50---Problem-Set-0-bbt,405042f03a167db865077fa1998ac203f824b696
Scratch/Hummer-Bot4.0_MagicBlock/Demo/Function program/Light seeking.sb3,hummer-bot,908f0252c2d7c6392b906a92d5e1b523575320e2
tests/out/multiscript.sb3,scratchc,6d22d7b99c56f5f349ee5ae26d26d672ec6e9969
CarvsMoto.sb3,machinelearningforkids,3cbf0cdd1aec28124de908e64c9e1c5a57e940a1
test-projects/module3-gaming/animation-L2-test2.sb3,automated-assessment,7b45f16ff7e7a670d20a77ec83b5d4171c83cd10
week1/fast_and_curious/The Fast And The Curious.sb3,coderunners2019.github.io,f337601071e93d7c2ee3c8391c811d1f5c2fe2eb
computer_sciences/programming_languages/scratch/season01/lesson03/lesson03_ex20_The_Biggest_Dilemma_On_New_Year.sb3,kids,d81ff14be4366e66b26fe98e44ff6bbbf5a3c5da
hw3/Week#3ASS.sb3,coding-120,3bc6f3ffa33e327430aee31ff9eab4c2e5b53800
src/templates/Lego-Mindstorms-EV3/Kalibrierung_Mindstorms_EV3.sb3,openeducationday2020,890b4620f925ea6e23073b1ce0ba37094c1e210f
scratch/Pong/pong.sb3,exercises,e201cc9fc9bc41996a5a2ea432a65626baa38d8b
week1/Recovery4/W1_The Fast And the Curious/W1_The Fast And The Curious_Video Game.sb3,coderunners2019.github.io,f337601071e93d7c2ee3c8391c811d1f5c2fe2eb
W1_Kickinit_Video Game.sb3,coderunners2019.github.io,31b98ee800675a6dc23a9228a765591e6db9e5b3
Scratch/Hummer-Bot4.0_MagicBlock/Demo/Hardware test program/RGBTest.sb3,hummer-bot,908f0252c2d7c6392b906a92d5e1b523575320e2
SCRATCH.sb3,ICT-Group-5---project-,2c7b0c0b5d30d82dc9f617d145350b1614c5227b
lezione5/scratch/EsempioCiclo1.sb3,coding-class-stem2020-scientifico-marsala,809c306e0f3b3faa4bc0671d4cf619b4677af7d3
sample_projects/xcratch/kashikokunaru.sb3,posenet2scratch,cd77644ed0d00de714f517524f9d85041883deb2
midasblock.sb3,rjmscratch,41dda34cc6c528a78d8cca18198ad1219b70da5d
Scratch/emotional pong.sb3,FaceDetectionBackend,eb390a919b80bc6ff190067dec6b7790b20e57b5
act1-grading-scripts/newNames.sb3,automated-assessment,006e85d05398858e85d1e019b04a76a9760aa3ed
v2/test.sb3,scratch-gcc,4330a6df6bf16401270e9a427ed4646ed17b4862
act1-grading-scripts/originalband.sb3,automated-assessment,907121a0387505c503067003eb7869ff54762b2f
act1-grading-scripts/debugging3.sb3,automated-assessment,f69dcfcc64b216a6ea2d42c2e93441a1b3b2a1a6
StroopTest/Stroop test.sb3,Scratch3-Demo,5dc4572595f1b40546adb39bd90e2e4ae8376854
week1/no_buddy/The Fast And The Curious- Greeting Card.sb3,coderunners2019.github.io,f337601071e93d7c2ee3c8391c811d1f5c2fe2eb
Scratch Project.sb3,CS50-Scratch-project,40117b653bea393db7a9a1200989a0993f600078
007HowToUseAServo.sb3,ArduinoJunior,ab7184fefd279e798e32deaa8bf1883c711db3a6
test-projects/module3-gaming/animation-L2-test1.sb3,automated-assessment,7b45f16ff7e7a670d20a77ec83b5d4171c83cd10
computer_sciences/programming_languages/scratch/season01/lesson03/lesson03_ex14_Happy_New_Year.sb3,kids,d81ff14be4366e66b26fe98e44ff6bbbf5a3c5da
uebungsanleitungen/programmieren/scratch/paddle-game/paddle-game-new.sb3,preview-coderdojo-linz.github.io,623b4a3b00f732772d0d39ebe1a71c7eb9570abb
test-projects/Two-Way Sync_ Texting with Wait done 3.sb3,automated-assessment,995cf4ddd1b8df8357da02bb484881242dd0e562
uebungsanleitungen/programmieren/scratch/minesweeper-v3/minesweeper.sb3,preview-coderdojo-linz.github.io,623b4a3b00f732772d0d39ebe1a71c7eb9570abb
Scratch/Hummer-Bot4.0_MagicBlock/Demo/Function program/Bluetooth control.sb3,hummer-bot,908f0252c2d7c6392b906a92d5e1b523575320e2
ru-RU/solutions/lost-in-space-solution.sb3,lost-in-space,bcfa70fe8dcfe2f071154d296dd383fe290d139c
mlforkids-scratch/scratch3/static/assets/04726e184b35e3d3d929f0a0cfe24607.sb3,taxinomitis,b7d6041d7cd234962a07091f76dc9a70fb5df1cd
W1_Noodle Art_Video Game.sb3,coderunners2019.github.io,d549e958a047059b8692ad45fbd0b5172b077e04
APITest.sb3,APITest,b8263f61f2455b5a3a9b087dbacf8aa630c4d904
scratch/test.sb3,scratch-gcc,4330a6df6bf16401270e9a427ed4646ed17b4862
create-your-own-world/zh-TW/solutions/CreateYourOwnWorld.sb3,code-club-learning-resources,b7e39ecfabfd2ac696e7b83839fc24552cc9e3fa
NanoK.sb3,stuff,d34e46e5953f1c15bdda3685d4d0f0e4735ec030
week0-scratch/HungryMonkey.sb3,cs50-harvardx,6b495e6614199741d49cfb221c1df132f12118a1
es-ES/solutions/lost-in-space-solution.sb3,lost-in-space,bcfa70fe8dcfe2f071154d296dd383fe290d139c
week1/Recovery4/W1_Kickinit/W1_Kickinit_Edu Game.sb3,coderunners2019.github.io,eded66e978147cd1fb5a0a8424cb0955748a8747
el-GR/solutions/rock-band-finished.sb3,lms,d8d9d22aaa1bfe52a40654e54d28e0c03753095b
en/resources/Scratch3Phrasebook6Dec.sb3,scratch-3-phrasebook,d9b679c1dc010ce05c27ca15281ed292d1272b57
computer_sciences/programming_languages/scratch/season01/lesson04/lesson04_ex06_alphabet_strokes_KZ.sb3,kids,aa8420b2fe6d3ee8228311f84178afa510bd5f83
dodgeball/zh-TW/resources/Dodgeball.sb3,code-club-learning-resources,b7e39ecfabfd2ac696e7b83839fc24552cc9e3fa
act1-grading-scripts/wrongBlockUsed.sb3,automated-assessment,f69dcfcc64b216a6ea2d42c2e93441a1b3b2a1a6
Expedia/Expedia_ The Project.sb3,Scratch-Files,e91e874d7591446a3f1449ed037d8651d0e6977e
Xcoin Beta V_0.1.11.sb3,scratch-request-system,391855f908f4a580136d59f39119a3b0cd0e1ee5
week1/no_buddy/Scratch Project (6).sb3,coderunners2019.github.io,e00af1db281b47994721eab14da9e4c85bc86b67
computer_sciences/programming_languages/scratch/season01/lesson04/lesson04_ex02_a_chameleon.sb3,kids,aa8420b2fe6d3ee8228311f84178afa510bd5f83
Zadania/12_Rakieta/Rakieta - projekt startowy.sb3,SampleApps,b8025875380daa4d41debe42d5bd2c07a520b02f
W1_Kickinit_Greeting.sb3,coderunners2019.github.io,eded66e978147cd1fb5a0a8424cb0955748a8747
zh-CN/solutions/lost-in-space-solution.sb3,lost-in-space,bcfa70fe8dcfe2f071154d296dd383fe290d139c
act1-grading-scripts/myNamePoem.sb3,automated-assessment,2aa0deafdc4659ddd462c969b9a37da3619c5a4e
chatbot/zh-TW/solutions/chatbot-solution.sb3,code-club-learning-resources,b7e39ecfabfd2ac696e7b83839fc24552cc9e3fa
src/templates/Simulation/Template_Simulationsmodus.sb3,openeducationday2020,890b4620f925ea6e23073b1ce0ba37094c1e210f
week1/no_buddy/Scratch Project (1).sb3,coderunners2019.github.io,f337601071e93d7c2ee3c8391c811d1f5c2fe2eb
Chicken Clicker remix-4 (1).sb3,chickenclicker,d1a19e7e31215fd4b744d245fe2b1d6edb88fc29
python_assig/SimpleMath.sb3,HTML-and-CSS-Projects,86a3b11f66aaf68778761e2571d00e537f50780f
Catch the yellow ball! (3).sb3,onlineclassbabay,f852239d9c89a5226ea637446a8bf6482d27e453
Scratch/ScratchInvaders - Week 1.sb3,CodingPirates,2ea3baf6441bac43599535822e71a9f062deb208
leap year/Leap Year.sb3,raghav-sharma,f0b3e2a28d5f15353ad8e6a2e4e4846d29f039d7
scratch/project.sb3,scratch-gcc,4330a6df6bf16401270e9a427ed4646ed17b4862
src/templates/Lego-Boost/Template_Boost.sb3,openeducationday2020,890b4620f925ea6e23073b1ce0ba37094c1e210f
pset0/scratch/Racing Game.sb3,CS50-Portfolio,259ec8bda9f4d923485364c52a5fda83ce290714
Dinosaur project.sb3,Scratch-Dinosaur,fa5337e3fc209eb66a90a35248bf6466677ad2a8
problem_set0_v2.sb3,harvard,bb541eb1a185b6e9ce7e698d93ff568ed5815c38
sl-SI/solutions/rock-band-finished.sb3,lms,d8d9d22aaa1bfe52a40654e54d28e0c03753095b
mlforkids-scratch/scratch3/static/assets/0b4cb9ea94b31957877203df95de9bd8.sb3,taxinomitis,b7d6041d7cd234962a07091f76dc9a70fb5df1cd
lezione1/scratch/esempio2.sb3,coding-class-scratch-python,9a7e1439574ae51e09775b558862cb269e29667f
src/year-4/rocket-trips/resources/Rocket Trips.sb3,primary-programming,828536cc28eb6f589170a5dd2cfc8887cf788a73
mlforkids-scratch/scratch3/static/assets/13efcd4b83a77940286bfba11e432670.sb3,taxinomitis,b7d6041d7cd234962a07091f76dc9a70fb5df1cd
computer_sciences/programming_languages/scratch/season01/lesson03/lesson03_ex02_a_batter.sb3,kids,aa8420b2fe6d3ee8228311f84178afa510bd5f83
goldify.sb3,rjmscratch,41dda34cc6c528a78d8cca18198ad1219b70da5d
NewEdu/app/src/main/assets/PlayerAppDemo/img/PersonCome.sb3,eabs,1e6e2397d10b4b6725c778f4f416f781341fc8eb
bridge3.sb3,rjmscratch,41dda34cc6c528a78d8cca18198ad1219b70da5d
scratch/archery.sb3,harvardx-cs50-problem-sets,8a85aa6df63e6ffdb70c755b9c30819692532eb5
computer_sciences/programming_languages/scratch/season01/lesson04/lesson04_ex07_alphabet_strokes_CN.sb3,kids,aa8420b2fe6d3ee8228311f84178afa510bd5f83
amir/amirreza.sb3,pingpong,ba4355ca86580c141d8d76867a958284f6804bf4
BRIC BRACR/BRIC BRACA.sb3,scratch-projects-backup,4c188d3fa2a352fb56a1e49e5fd0452f6c4c1678
Assassin five six seven v0.2 beta.sb3,SCRproject,fa5a7417ef5cb98b16adee2dce341b0ac1490c8e
asset-manager-packager/tests/sb3/54-pen-colors.sb3,forkphorus.github.io,9147db726e1abf12eb1b6587ce3e9954a2dc12a6
Dental Hygiene Battle sim.sb3,rpg,e5289c114f71f12a1ade9a3d6558eeaf2abd860d
week1/Recovery5/Scratch Project.sb3,coderunners2019.github.io,1c027e350da8d0da120fba63f79b7e7028c03791
src/templates/Lego-Mindstorms-EV3/Template_Mindstorms_EV3.sb3,openeducationday2020,890b4620f925ea6e23073b1ce0ba37094c1e210f
003BreathLED.sb3,ArduinoJunior,a7df03b605defa25480457868c2482551394a80d
hi-IN/solutions/lost-in-space-solution.sb3,lost-in-space,bcfa70fe8dcfe2f071154d296dd383fe290d139c
test.sb3,rpg,a7437d1bddfd05e2ad09b8c69ea4555d989f5168
scratch-templates/describe-the-glass.sb3,taxinomitis-docs,ae7e75328e0ee86f1d2502df5372e0a2a708f977
week1/no_buddy/Scratch Project (3).sb3,coderunners2019.github.io,f337601071e93d7c2ee3c8391c811d1f5c2fe2eb
Scratch/Car Race (2).sb3,FaceDetectionBackend,d9b1e0f3b4473cf34eeff813dedb59125dd12cda
cell.io remastered beta 5.sb3,stuff,b4d38e7bdb1af4361ef0bfa94a363452df6aa871
week1/no_buddy/Scratch Project (2).sb3,coderunners2019.github.io,f337601071e93d7c2ee3c8391c811d1f5c2fe2eb
Project.sb3,Sniffle,96cb509a6a578d3468120e4adb6d9d800518afb1
ba.sb3,PythonMarti,97e2307d8432bbf204191ebbdc84939848eb99cc
el-GR/solutions/lost-in-space-solution.sb3,lost-in-space,bcfa70fe8dcfe2f071154d296dd383fe290d139c
memory/zh-TW/solutions/Memory.sb3,code-club-learning-resources,b7e39ecfabfd2ac696e7b83839fc24552cc9e3fa
W1_Bread_Greeting.sb3,coderunners2019.github.io,1c027e350da8d0da120fba63f79b7e7028c03791
Scratch Project_week_0_MKleyn_v1.sb3,DrHackel-CS50-introduction,7bf279b1af8f90d36cc6796fa432031e05273daf
lezione1/scratch/esempio1.sb3,coding-class-scratch-python,9a7e1439574ae51e09775b558862cb269e29667f
slimeonnoise.sb3,rjmscratch,41dda34cc6c528a78d8cca18198ad1219b70da5d
Scratch/Introduction.sb3,Amanda-Mxi-Younglings-challenges-Repo,fd65c7f7779bbc59ea9be487d4726c81e29a3bfa
Scratch Project (9).sb3,enadred,354319f50d81e4549f81282db8d9144299046a00
tests/out/stop_all.sb3,scratchc,6d22d7b99c56f5f349ee5ae26d26d672ec6e9969
clases/clase3/Clase 3 - Ejercicio 3 compra de libros.sb3,herramientas-programacion,102715536a709f73a7b0d2314cbce2f22a54c747
Scratch3-Stroop test.sb3,Scratch3-Demo,11c8d6fa7bd357f7371118e5e264974f0c360489
Scratch/Hummer-Bot4.0_MagicBlock/Demo/Function program/Trace fire fighting.sb3,hummer-bot,908f0252c2d7c6392b906a92d5e1b523575320e2
W1_Bread_Story.sb3,coderunners2019.github.io,1c027e350da8d0da120fba63f79b7e7028c03791
Fall_2021/level/4/docs/Outrun the Robot Lawyer.sb3,codingthelaw,898f9706bc28c03ccb76a6219ad46b4daa1e62ee
act1-grading-scripts/allCostumesChanged.sb3,automated-assessment,96d46cd9d059022c49bd8ff7f9ecc2104666f4bb
src/templates/Lego-WeDo2/Template_WeDo2.sb3,openeducationday2020,890b4620f925ea6e23073b1ce0ba37094c1e210f
W1_Team Dominoes_Greeting.sb3,coderunners2019.github.io,b858a441dc63f4182ef9629cdfa2d780f700bb01
projects/nekorider.sb3,posenet2scratch,494424c30c1b817ebf9a65a6178dc6e40d20b8af
W1_The Fast And The Curious_Video Game.sb3,coderunners2019.github.io,f337601071e93d7c2ee3c8391c811d1f5c2fe2eb
act1-grading-scripts/leftCostumeChanged.sb3,automated-assessment,96d46cd9d059022c49bd8ff7f9ecc2104666f4bb
Scratch/Hummer-Bot4.0_MagicBlock/Demo/Function program/Ultrasonic obstacle avoidance.sb3,hummer-bot,908f0252c2d7c6392b906a92d5e1b523575320e2
Ejercicios/3_Dibujando con Scratch_con sonido y cambia color.sb3,App-Dibujo-Scratch,1a12bf527c4546a3be6ee2d38e3c2d3b6bf21770
zh-TW/solutions/rock-band-finished.sb3,lms,d8d9d22aaa1bfe52a40654e54d28e0c03753095b
test-projects/module3-gaming/animation-L2-no-on-clikc.sb3,automated-assessment,7b45f16ff7e7a670d20a77ec83b5d4171c83cd10
clone-wars/zh-TW/resources/CloneWars.sb3,code-club-learning-resources,b7e39ecfabfd2ac696e7b83839fc24552cc9e3fa
pset0/Scratch Project.sb3,harvard-courses,ce5ffcbf3ff3a4ceadc65c28c639785d807ba166
W1_Mystical Coders_Greeting.sb3,coderunners2019.github.io,31b98ee800675a6dc23a9228a765591e6db9e5b3
Scratch/car racer FINISHED .sb3,FaceDetectionBackend,72d30627234d9c3a69d9ebe76cd0e3e6c80e2fe7
week1/fast_and_curious/Tha Fast And The Curious- Epic Game.sb3,coderunners2019.github.io,f337601071e93d7c2ee3c8391c811d1f5c2fe2eb
sample_projects/pong.sb3,ml2scratch,ab254da14f3bc61a3061c55b4073b849f067a256
ZbavitSaCreeperov-Template.sb3,workshop-scratch-7-9,da8b4583f6ebae2c314540a0612eb642d55d9d51
CarGameRemakeB3.5.sb3,stuff,8446b3a779be974d9e61c91da00be9e6a1e139d0
fr-FR/solutions/rock-band-finished.sb3,lms,d8d9d22aaa1bfe52a40654e54d28e0c03753095b
Fall_2022/level/4/docs/Outrun the Robot Lawyer.sb3,codingthelaw,898f9706bc28c03ccb76a6219ad46b4daa1e62ee
Converte_Real.sb3,Pensamento-Computacional,cc91cff60c35979c4dfe036cbf3e1ea3ff9639c9
3.4-debug-it/Debug-It 3.4.sb3,codio-creative-computing,5ea83538a6c84ab46cf07a6ef4bb0021e5c85b4a
W1_Mystical Coders_Edu Game.sb3,coderunners2019.github.io,31b98ee800675a6dc23a9228a765591e6db9e5b3
funpyschool/examples/BallBar.sb3,youpy,3c9137dca2b6c2eda874a1336d7cd665f8ec7583
scratch/base.sb3,scratch-gcc,4330a6df6bf16401270e9a427ed4646ed17b4862
leap_year/Leap_Year.sb3,raghav-sharma,f0b3e2a28d5f15353ad8e6a2e4e4846d29f039d7
CarGameRemakeB4.5.sb3,stuff,8446b3a779be974d9e61c91da00be9e6a1e139d0
scratch/avr_vm.sb3,scratch-gcc,4330a6df6bf16401270e9a427ed4646ed17b4862
Freshman Year/CS111/Problem Set 0/ps0pr2.sb3,SchoolWork,17ca23d24434bbfb0ee5edad985e5e14a10062bb
test.sb3,sb3,7a5207628f3c02977129593a2928ac1ca5c173c1
week 3/A3.sb3,coding-120,3bc6f3ffa33e327430aee31ff9eab4c2e5b53800
Freshman Year/CS111/Problem Set 0/ps0pr1.sb3,SchoolWork,17ca23d24434bbfb0ee5edad985e5e14a10062bb
Golf V2.sb3,Scratch-Golf,d39f4bf21579880d67488425dd060962ac888c10
Introduction.sb3,Amanda-Mxi-Younglings-challenges-Repo,6322669c7cf83acfed64a73405cd3c9dae2ea7c3
W1_The Fast And The Curious_Edu Game.sb3,coderunners2019.github.io,f337601071e93d7c2ee3c8391c811d1f5c2fe2eb
Scratch Project (1).sb3,cs50-harvard,46e860fd21c43cbe5373ad000b8f99f1d6c01844
ex02/src/ex02.sb3,Repo02,2ae0669f23c4784490a008f92f0babec3f80986f
computer_sciences/programming_languages/scratch/season01/lesson03/lesson03_ex03_a_bouncing_ball.sb3,kids,8224e665be3ba6e430ea95a2617b2e7c2efef53c
no_buddy/Scratch Project (2).sb3,coderunners2019.github.io,f337601071e93d7c2ee3c8391c811d1f5c2fe2eb
act1-grading-scripts/scavengerHuntOriginal.sb3,automated-assessment,006e85d05398858e85d1e019b04a76a9760aa3ed
Scratch/Hummer-Bot4.0_MagicBlock/Demo/Function program/Ultrasonic and infrared obstacle avoidance.sb3,hummer-bot,908f0252c2d7c6392b906a92d5e1b523575320e2
weather.sb3,rjmscratch,41dda34cc6c528a78d8cca18198ad1219b70da5d
NewEdu/app/src/main/assets/PlayerAppDemo/img/ScratchAndroid.sb3,eabs,1e6e2397d10b4b6725c778f4f416f781341fc8eb
example/if.sb3,sb3,003a9897e45ef913e91b77fc55736a6994db3207
test/fib_10_iter.sb3,scratchc,6d22d7b99c56f5f349ee5ae26d26d672ec6e9969
cy-GB/solutions/rock-band-finished.sb3,lms,d8d9d22aaa1bfe52a40654e54d28e0c03753095b
projects/week10/2_Snake_Food_Spawn.sb3,scratch-tutorial-2020,05d69a5961897ebcb519c387e5aedc2010844b12
youpy/examples/SimpleBasketBall.sb3,youpy,3c9137dca2b6c2eda874a1336d7cd665f8ec7583
Scratch/Up-Down-Pong FINISHED.sb3,FaceDetectionBackend,eb390a919b80bc6ff190067dec6b7790b20e57b5
mlforkids-scratch/scratch3/static/assets/00e4bc41f78b15dd0f97c81985bf13b1.sb3,taxinomitis,b7d6041d7cd234962a07091f76dc9a70fb5df1cd
uebungsanleitungen/programmieren/scratch/labyrinth/labyrinth-test.sb3,preview-coderdojo-linz.github.io,623b4a3b00f732772d0d39ebe1a71c7eb9570abb
Scratch/Up-Down-Pong.sb3,FaceDetectionBackend,eb390a919b80bc6ff190067dec6b7790b20e57b5
W1_Kickinit_Edu Game.sb3,coderunners2019.github.io,eded66e978147cd1fb5a0a8424cb0955748a8747
Numero_Par_Impar-Aula02.sb3,Pensamento-Computacional,cc91cff60c35979c4dfe036cbf3e1ea3ff9639c9
Scratch Project.sb3,test1,2976b05f1696f7d07418d52ded078ae473ef8ab1
grading-scripts-s3/basicsOriginal.sb3,automated-assessment,006e85d05398858e85d1e019b04a76a9760aa3ed
dnnc.sb3,stuff,fd4a3b986d144f6c6c25d311fe0611bab1d0d258
act1-grading-scripts/remixed1.sb3,automated-assessment,006e85d05398858e85d1e019b04a76a9760aa3ed
pl-PL/solutions/rock-band-finished.sb3,lms,d8d9d22aaa1bfe52a40654e54d28e0c03753095b
New_Version_sensors-actuators-master/Downloads/camila.sb3,WoT-Description,2d7fbf78e3e6379f249f7f28ca127b2fa0cce258
Scratch/emotional pong (1).sb3,FaceDetectionBackend,eb390a919b80bc6ff190067dec6b7790b20e57b5
Scratch/Scratchinvaders.sb3,CodingPirates,2ea3baf6441bac43599535822e71a9f062deb208
KsO-ZbavitSaCreeperov-Template.sb3,workshop-scratch-7-9,da8b4583f6ebae2c314540a0612eb642d55d9d51
What's my number.sb3,test1,e06fbc4890bec43e56f95cdae730896e0cccb917
Catch_stars (2).sb3,Spaceship,6ddafc5417dd224bdbf06b1bf18dfc88622c00a6
Scratch Sets/number adder 1 3 6 10.sb3,Gillis,50f217b2d1e1c540a80a7dec88d79fcc88702797
src/year-5/parachute-drop/resources/Parachute-Drop.sb3,primary-programming,a5fe2cde8e50f3e5f26ccdec361fe3e0dcf4c471
CarGameRemakeB3Mod.sb3,stuff,d5ba3d85af353b87be6136fb7ea1d609d5dfc3b9
week1/no_buddy/The Fast And The Curious- Story.sb3,coderunners2019.github.io,f337601071e93d7c2ee3c8391c811d1f5c2fe2eb
shit2.0.sb3,Eat-shit3.0,2c8ef2bf851536d6a3ebf0d15458e26cdd761df0
uebungsanleitungen/programmieren/scratch/minesweeper/minesweeper.sb3,preview-coderdojo-linz.github.io,623b4a3b00f732772d0d39ebe1a71c7eb9570abb
create-your-own-world/zh-TW/images/CreateYourOwnWorld.sb3,code-club-learning-resources,b7e39ecfabfd2ac696e7b83839fc24552cc9e3fa
avr_vm.sb3,scratch-gcc,4330a6df6bf16401270e9a427ed4646ed17b4862
W1_Team Infinity_Edu Game.sb3,coderunners2019.github.io,1c027e350da8d0da120fba63f79b7e7028c03791
mlforkids-scratch/scratch3/static/assets/0844f955af46db58e75f417bb7be58e4.sb3,taxinomitis,b7d6041d7cd234962a07091f76dc9a70fb5df1cd
Shit3.0 Difficult Mode.sb3,Eat-shit3.0,2c8ef2bf851536d6a3ebf0d15458e26cdd761df0
4.4-debug-it/debug-it-4.3.sb3,codio-creative-computing,5ea83538a6c84ab46cf07a6ef4bb0021e5c85b4a
grading-scripts-s3/studentwork2.sb3,automated-assessment,8e3c0d7365858634b677e095bb666163c1a31408
3.4-debug-it/Debug-It 3.3.sb3,codio-creative-computing,5ea83538a6c84ab46cf07a6ef4bb0021e5c85b4a
test-projects/module3-gaming/animation-L2-test.sb3,automated-assessment,7b45f16ff7e7a670d20a77ec83b5d4171c83cd10
act1-grading-scripts/wrongnameladybug.sb3,automated-assessment,f69dcfcc64b216a6ea2d42c2e93441a1b3b2a1a6
W1_Team_Infinity_Greeting.sb3,coderunners2019.github.io,b858a441dc63f4182ef9629cdfa2d780f700bb01
Week 0/Scratch/Scratch Project.sb3,CS50-IntroToCS,2296f386f908ab3e7f6bd5fc17133ed2dd64dfab
computer_sciences/programming_languages/scratch/season01/lesson03/lesson03_ex04_a_train_station.sb3,kids,aa8420b2fe6d3ee8228311f84178afa510bd5f83
digitalclock.sb3,rjmscratch,41dda34cc6c528a78d8cca18198ad1219b70da5d
public/scratch_files/Logan Elementary2019-4.sb3,iCompute,370e3071be711b9899da67029344f62a68616639
lezione1/scratch/esempio3_if_then_else.sb3,coding-class-scratch-python,9a7e1439574ae51e09775b558862cb269e29667f
Scratch/proyectoScratch.sb3,CodigoMisionTIC,ffe002e192a3cbc1b4cf1eb9d38ff5da691bf8ac
lezione1/scratch/esempio5_for.sb3,coding-class-scratch-python,9a7e1439574ae51e09775b558862cb269e29667f
emotional pong.sb3,FaceDetectionBackend,eb390a919b80bc6ff190067dec6b7790b20e57b5
W1_No Buddy_Edu Game.sb3,coderunners2019.github.io,1c027e350da8d0da120fba63f79b7e7028c03791
chatbot/zh-TW/resources/chatbot.sb3,code-club-learning-resources,b7e39ecfabfd2ac696e7b83839fc24552cc9e3fa
test/loop_if.sb3,scratchc,6d22d7b99c56f5f349ee5ae26d26d672ec6e9969
online_spectrogram_thermal.sb3,NeverlandBeats,b970ce471bae7c3a7ca9c16ad24cf29e1c8c3be8
code/Text to Speech.sb3,milestones-team13-cnguyen32-zwiegand,9ac408be587008a3a78c022e86f35e4207efd068
W1_Team Dominoes_Video Game.sb3,coderunners2019.github.io,b858a441dc63f4182ef9629cdfa2d780f700bb01
Scratch/Hummer-Bot4.0_MagicBlock/Demo/Function program/PS2Control.sb3,hummer-bot,908f0252c2d7c6392b906a92d5e1b523575320e2
scratch/basic.sb3,scratch-gcc,4330a6df6bf16401270e9a427ed4646ed17b4862
computer_sciences/programming_languages/scratch/season01/lesson03/lesson03_ex19_Poly_Arts_for_Lunar_New_Year.sb3,kids,d81ff14be4366e66b26fe98e44ff6bbbf5a3c5da
Untitled-4.sb3,Scratch-Dinosaur,fa5337e3fc209eb66a90a35248bf6466677ad2a8
Scratch/Hummer-Bot4.0_MagicBlock/Demo/Hardware test program/Ultrasonic reading distance test.sb3,hummer-bot,908f0252c2d7c6392b906a92d5e1b523575320e2
paint-box/zh-TW/resources/PaintBoxResources.sb3,code-club-learning-resources,b7e39ecfabfd2ac696e7b83839fc24552cc9e3fa
Scratch/Hummer-Bot4.0_MagicBlock/Demo/Hardware test program/MotorTest.sb3,hummer-bot,908f0252c2d7c6392b906a92d5e1b523575320e2
test-projects/module3-gaming/animation-L2-no-loops-or-clicks.sb3,automated-assessment,7b45f16ff7e7a670d20a77ec83b5d4171c83cd10
dragoncode.sb3,rjmscratch,41dda34cc6c528a78d8cca18198ad1219b70da5d
Scratch Project (9) (4) (1) (4) (3).sb3,enadred,354319f50d81e4549f81282db8d9144299046a00
uebungsanleitungen/programmieren/scratch/breakout/breakout.sb3,preview-coderdojo-linz.github.io,623b4a3b00f732772d0d39ebe1a71c7eb9570abb
Catch the yellow ball! (5).sb3,onlineclassbabay,f852239d9c89a5226ea637446a8bf6482d27e453
W1_Mystical Coders_Story.sb3,coderunners2019.github.io,31b98ee800675a6dc23a9228a765591e6db9e5b3
level/4/docs/Outrun the Robot Lawyer.sb3,codingthelaw,898f9706bc28c03ccb76a6219ad46b4daa1e62ee
scratch/ex03-salary.sb3,IntroCompEdu-2020,5765df83fe909b20ece06c0d965ca4ce02c98035
functest.sb3,scratch-gcc,4330a6df6bf16401270e9a427ed4646ed17b4862
ex02/src/ex02.sb3,day02,d0fc7bfa5cd85992d78c9b7a0604787a637333c6
uebungsanleitungen/programmieren/scratch/fang-mich-v3/fang-mich.sb3,preview-coderdojo-linz.github.io,623b4a3b00f732772d0d39ebe1a71c7eb9570abb
trefoil.sb3,rjmscratch,41dda34cc6c528a78d8cca18198ad1219b70da5d
act1-grading-scripts/newName.sb3,automated-assessment,006e85d05398858e85d1e019b04a76a9760aa3ed
de-DE/solutions/lost-in-space-solution.sb3,lost-in-space,bcfa70fe8dcfe2f071154d296dd383fe290d139c
act1-grading-scripts/sayafterlooks.sb3,automated-assessment,96d46cd9d059022c49bd8ff7f9ecc2104666f4bb
computer_sciences/programming_languages/scratch/season01/lesson02/lesson02_ex01.sb3,kids,d78012906c2364cb73083153dc90c93fbb8c5f36
Moving sensor 3.sb3,Spaceship,d5e3ad2ccfc628fe012614231f62ed303aa5fa95
ZbavitSaCreeperov-Ukazka.sb3,workshop-scratch-7-9,da8b4583f6ebae2c314540a0612eb642d55d9d51
ZbavitSaCreeperov.sb3,workshop-scratch-7-9,da8b4583f6ebae2c314540a0612eb642d55d9d51
ar-SA/solutions/lost-in-space-solution.sb3,lost-in-space,bcfa70fe8dcfe2f071154d296dd383fe290d139c
asset-manager-packager/tests/sb3/105-contains.sb3,forkphorus.github.io,54fd1ac727c6fd54b86896e0fee94586973ff83a
dodgeball/zh-TW/solutions/Dodgeball-solution.sb3,code-club-learning-resources,b7e39ecfabfd2ac696e7b83839fc24552cc9e3fa
Scratch/Emoti-Pong FINISHED.sb3,FaceDetectionBackend,eb390a919b80bc6ff190067dec6b7790b20e57b5
test-projects/Two-Way Sync_ Texting with Wait done 2.sb3,automated-assessment,995cf4ddd1b8df8357da02bb484881242dd0e562
ar-SA/solutions/rock-band-finished.sb3,lms,d8d9d22aaa1bfe52a40654e54d28e0c03753095b
clases/clase3/Clase 3 - Ejercicio 2 compra de libros respuesta.sb3,herramientas-programacion,102715536a709f73a7b0d2314cbce2f22a54c747
scratch/functest.sb3,scratch-gcc,4330a6df6bf16401270e9a427ed4646ed17b4862
W1_Team Dominoes_Story.sb3,coderunners2019.github.io,b858a441dc63f4182ef9629cdfa2d780f700bb01
Day1Part1.sb3,AdventOfCode2020,5eaeb8b78aa555d2e04273e5e560cc6b6f07e27c
The Wizard of Scratch Event .sb3,Scratch-Project-3,3acb3e9b0407a1bb9908fcaf60ebb8e2864c2be3
computer_sciences/programming_languages/scratch/season01/lesson03/lesson03_ex11_bakhtiyar_space_band.sb3,kids,4181d05581906393940e081c80728588805ce43d
W1_No Buddy_Video Game.sb3,coderunners2019.github.io,1c027e350da8d0da120fba63f79b7e7028c03791
week1/Recovery4/W1_Kickinit/W1_Kickinit_Story.sb3,coderunners2019.github.io,eded66e978147cd1fb5a0a8424cb0955748a8747
computer_sciences/programming_languages/scratch/season01/lesson03/lesson03_ex09_flying_bat.sb3,kids,aa8420b2fe6d3ee8228311f84178afa510bd5f83
tarea2.sb3,tarea2dvj,48642a97a0e53c5e63f0472a700175a298bb0c52
Scratch/Ch4-Sc/Ch4-7.sb3,ourProgramming,35f194f6703ddbdee6ca4b8b353d214955b6ff93
test-projects/Two-Way Sync_ Texting with Wait.sb3,automated-assessment,995cf4ddd1b8df8357da02bb484881242dd0e562
code/Block Example.sb3,milestones-team13-cnguyen32-zwiegand,9ac408be587008a3a78c022e86f35e4207efd068
3.4-debug-it/Debug-It 3.2.sb3,codio-creative-computing,5ea83538a6c84ab46cf07a6ef4bb0021e5c85b4a
amir/amirreza2.sb3,pingpong,9bdb53a58f276e063a6cd4aa4a3f79acdec8d4fa
.gitbook/assets/spin-cat.sb3,thecompletescratchguide,d1842bc69be8663b3b557f7afaa4acfaa902f93d
.gitbook/assets/polygon.sb3,thecompletescratchguide,d1842bc69be8663b3b557f7afaa4acfaa902f93d
Scratch/Car Race (1).sb3,FaceDetectionBackend,72d30627234d9c3a69d9ebe76cd0e3e6c80e2fe7
Zadania/Rakieta - projekt startowy.sb3,SampleApps,b8025875380daa4d41debe42d5bd2c07a520b02f
ex08/src/ex08.sb3,day02,d0fc7bfa5cd85992d78c9b7a0604787a637333c6
no_buddy/Scratch Project (1).sb3,coderunners2019.github.io,f337601071e93d7c2ee3c8391c811d1f5c2fe2eb
The Wizard of Scratch.sb3,Scratch-Project-3,3acb3e9b0407a1bb9908fcaf60ebb8e2864c2be3
act1-grading-scripts/oddDirection.sb3,automated-assessment,f69dcfcc64b216a6ea2d42c2e93441a1b3b2a1a6
tests/out/forever_stop.sb3,scratchc,6d22d7b99c56f5f349ee5ae26d26d672ec6e9969
Scratch Project (1) (1).sb3,bustercherry187,5231a8aba661c23b5a6374ec84452ffe6ff41859
uebungsanleitungen/programmieren/scratch/labyrinth/labyrinth.sb3,preview-coderdojo-linz.github.io,623b4a3b00f732772d0d39ebe1a71c7eb9570abb
uebungsanleitungen/programmieren/scratch/breakout-v3/breakout.sb3,preview-coderdojo-linz.github.io,623b4a3b00f732772d0d39ebe1a71c7eb9570abb
bin/edbot_dance_v02_02.sb3,edbot,e2216baedf08a670cc2706bc5a36006de741e0fe
computer_sciences/programming_languages/scratch/season01/lesson04/lesson04_ex01_Sichuan_opera_face.sb3,kids,aa8420b2fe6d3ee8228311f84178afa510bd5f83
examples/tork_ik_example.sb3,scratch3-ros,2fdac5c9cf6d9c806794d2d008fdba14c1312681
week 3/hw3/A3.sb3,coding-120,3bc6f3ffa33e327430aee31ff9eab4c2e5b53800
Drop apples game.sb3,harvard-cs5ox-2021-pset-solutions,7dcbcc4cb1b674774a75a4d76927a4f0123b0952
no-NO/solutions/rock-band-finished.sb3,lms,d8d9d22aaa1bfe52a40654e54d28e0c03753095b
uebungsanleitungen/programmieren/scratch/animated-postcard/animated_postcard.sb3,preview-coderdojo-linz.github.io,623b4a3b00f732772d0d39ebe1a71c7eb9570abb
mlforkids-scratch/scratch3/static/assets/12239b355b9981a0cd4b8938c57a6cfb.sb3,taxinomitis,b7d6041d7cd234962a07091f76dc9a70fb5df1cd
psets0/psets0.sb3,harvard-CS50,5eb2fd8e9d4ce819f092ab5ee7aa3d6dd282efdc
hi-IN/solutions/rock-band-finished.sb3,lms,d8d9d22aaa1bfe52a40654e54d28e0c03753095b
Scratch/car racer.sb3,FaceDetectionBackend,72d30627234d9c3a69d9ebe76cd0e3e6c80e2fe7
Fall_2020/level/4/docs/Outrun the Robot Lawyer.sb3,codingthelaw,898f9706bc28c03ccb76a6219ad46b4daa1e62ee
uebungsanleitungen/programmieren/scratch/labyrinth-v3/labyrinth.sb3,preview-coderdojo-linz.github.io,623b4a3b00f732772d0d39ebe1a71c7eb9570abb
act1-grading-scripts/singleSayBlockRight.sb3,automated-assessment,96d46cd9d059022c49bd8ff7f9ecc2104666f4bb
aaron_CS50_w0.sb3,harvardx,50d84049859b9580767744090cbde72d11aa9d6e
Scratch/PONG (3) (1) (1).sb3,FaceDetectionBackend,3fc36ed95dd717cba90d65b43a7498ff11e6fa00
Frosch/frosch.sb3,scratch-projects-exercises,99bbaa5b03952dd787dea8fec85763caf65695db
scratch/inc.sb3,scratch-gcc,4330a6df6bf16401270e9a427ed4646ed17b4862
test-projects/module3-gaming/animation-L2-no-moves.sb3,automated-assessment,7b45f16ff7e7a670d20a77ec83b5d4171c83cd10
computer_sciences/programming_languages/scratch/season01/lesson02/batima_scratch_ex002_2020feb12.sb3,kids,e27319990502b732492be9dafbf646f9761e2483
ZbranProtiPriseram-Ukazka.sb3,workshop-scratch-10-12,1013ce5782b5ed705a229d3c04ae75a64d1f73f6
en/solutions/lost-in-space-solution.sb3,lost-in-space,bcfa70fe8dcfe2f071154d296dd383fe290d139c
Life Could Be a Dream.sb3,cs50-harvard-problem-set-solutions-2020,04fabe6306931c140f26071f18e33c3e37cb19f3
Scratch/Hummer-Bot4.0_MagicBlock/Demo/Hardware test program/ServoTest.sb3,hummer-bot,908f0252c2d7c6392b906a92d5e1b523575320e2
zh-TW/solutions/lost-in-space-solution.sb3,lost-in-space,bcfa70fe8dcfe2f071154d296dd383fe290d139c
CarGameRemakeB3.9.sb3,stuff,8446b3a779be974d9e61c91da00be9e6a1e139d0
ex07/src/ex07.sb3,day02,ad9fb531d35957daeeea6174c9d35bb09bfaa007
Scratch Project Final V1.2.sb3,CS50-proyect0,3e54c0804435a6f229ced1afa176d54836df535b
Nan0K.sb3,stuff,d34e46e5953f1c15bdda3685d4d0f0e4735ec030
src/projects/year-4/rocket-trips/resources/Rocket Trips.sb3,primary-programming,828536cc28eb6f589170a5dd2cfc8887cf788a73
W1_The Fast and the Curious_Story.sb3,coderunners2019.github.io,f337601071e93d7c2ee3c8391c811d1f5c2fe2eb
clock.sb3,rjmscratch,41dda34cc6c528a78d8cca18198ad1219b70da5d
1.1-step-by-step/step-by-step.sb3,codio-creative-computing,fb1d359b824aa42d20a431e9204e991b5ab020c1
src/year-4/carrot-collector/resources/carrot-collector.sb3,primary-programming,759677ca1e6a684897ef62efd0f98f9830a9a0cd
sIoT2.0.sb3,IoT,518dd6427faed51ba8c363d75fb1256d98e9448c
Scratch/ScratchInvaders.sb3,CodingPirates,2ea3baf6441bac43599535822e71a9f062deb208
asset-manager-packager/tests/sb3/56-NaN.sb3,forkphorus.github.io,9147db726e1abf12eb1b6587ce3e9954a2dc12a6
shit3.0.sb3,Eat-shit3.0,2c8ef2bf851536d6a3ebf0d15458e26cdd761df0
ja-JP/solutions/lost-in-space-solution.sb3,lost-in-space,bcfa70fe8dcfe2f071154d296dd383fe290d139c
ECW1 - champion example.sb3,coderdojo,c50dfaa111604e741ebc5bcf82a21f635a016026
W1_The Fast and the Curious_Gretting.sb3,coderunners2019.github.io,f337601071e93d7c2ee3c8391c811d1f5c2fe2eb
Scratch/Ch5-Sc/Ch5-3-binarySearch.sb3,ourProgramming,35f194f6703ddbdee6ca4b8b353d214955b6ff93
uebungsanleitungen/programmieren/scratch/scratch-breakout-v3/breakout.sb3,preview-coderdojo-linz.github.io,623b4a3b00f732772d0d39ebe1a71c7eb9570abb
week1/Recovery4/W1_The Fast And the Curious/W1_The Fast and the Curious_Story.sb3,coderunners2019.github.io,f337601071e93d7c2ee3c8391c811d1f5c2fe2eb
amir/paykan2.sb3,pingpong,9bdb53a58f276e063a6cd4aa4a3f79acdec8d4fa
week1/R6/Scratch Project (3).sb3,coderunners2019.github.io,1c027e350da8d0da120fba63f79b7e7028c03791
Catch the yellow ball! (1).sb3,onlineclassbabay,f852239d9c89a5226ea637446a8bf6482d27e453
test-projects/Two-Way Sync_ Texting with Wait done.sb3,automated-assessment,995cf4ddd1b8df8357da02bb484881242dd0e562
Maior_100-Aula03.sb3,Pensamento-Computacional,cc91cff60c35979c4dfe036cbf3e1ea3ff9639c9
amir/paykan amirreza.sb3,pingpong,9bdb53a58f276e063a6cd4aa4a3f79acdec8d4fa
hilbertcurve3d.sb3,rjmscratch,41dda34cc6c528a78d8cca18198ad1219b70da5d
asset-manager-packager/tests/sb3/befunge-eratosthenes.sb3,forkphorus.github.io,05f7fe0f9388d0979f40c6ee4e668104682fd81c
W1_Noodle Art_Greeting.sb3,coderunners2019.github.io,d549e958a047059b8692ad45fbd0b5172b077e04
projects/week7/User_Interface.sb3,scratch-tutorial-2020,8a4ddc7c5bad059b87b5238ca2907cada271075b
uebungsanleitungen/programmieren/scratch/fang-mich/fang-mich.sb3,preview-coderdojo-linz.github.io,623b4a3b00f732772d0d39ebe1a71c7eb9570abb
alien and the moon.sb3,test1,fcc40fd6e0b4ed65ce80683c09a10910a5824523
cs50 stuff/cs50x/Scratch Project.sb3,csprojects,22c551aa522df9957f2871e3799451e84d32251c
uebungsanleitungen/programmieren/scratch/fledermaus-auf-der-flucht/Fledermaus-auf-der-Flucht.sb3,preview-coderdojo-linz.github.io,623b4a3b00f732772d0d39ebe1a71c7eb9570abb
pl-PL/solutions/lost-in-space-solution.sb3,lost-in-space,bcfa70fe8dcfe2f071154d296dd383fe290d139c
tests/out/fib_10_recr.sb3,scratchc,6d22d7b99c56f5f349ee5ae26d26d672ec6e9969
Scratch/ScratchPython.sb3,Coding-for-Kids,abced05a6acb072c227c12b0f0dcf40a2df5c1bd
computer_sciences/programming_languages/scratch/season01/lesson03/lesson03_ex22_SDS_New_year._new_plans_2020_edition.sb3,kids,d9a5051eb5d8b796ae2f220c265af8aa34c45097
week0/guess a number.sb3,cs50-problem-sets,359d8173ec4d48974ab02c3ed2b609f02c294ff8
pset0/Life Could Be a Dream.sb3,cs50-harvard-problem-set-solutions-2020,04fabe6306931c140f26071f18e33c3e37cb19f3
W1_Mystical Coders_Video Game.sb3,coderunners2019.github.io,31b98ee800675a6dc23a9228a765591e6db9e5b3
Assassin five six seven.sb3,SCRproject,fa5a7417ef5cb98b16adee2dce341b0ac1490c8e
uebungsanleitungen/programmieren/scratch/fledermaus-v3/Fledermaus-Quiz.sb3,preview-coderdojo-linz.github.io,623b4a3b00f732772d0d39ebe1a71c7eb9570abb
uebungsanleitungen/programmieren/python/von-scratch-zu-python/Von Scratch zu Python.sb3,preview-coderdojo-linz.github.io,623b4a3b00f732772d0d39ebe1a71c7eb9570abb
Scratch/PONG (2).sb3,FaceDetectionBackend,16c8e56b647b100cbc5eb00bb196d5c7d7c271e9
lost/Scratch Project.sb3,codeclub,48ef1c84ac4d9b4b5bb7eec6d473220627364f95
1_CarVsMoto/CarvsMoto.sb3,machinelearningforkids,3cbf0cdd1aec28124de908e64c9e1c5a57e940a1
CarGameRemakeB3.6.sb3,stuff,8446b3a779be974d9e61c91da00be9e6a1e139d0
hr-HR/solutions/rock-band-finished.sb3,lms,d8d9d22aaa1bfe52a40654e54d28e0c03753095b
act1-grading-scripts/sampel.sb3,automated-assessment,96d46cd9d059022c49bd8ff7f9ecc2104666f4bb
create-your-own-world/zh-TW/resources/CreateYourOwnWorldResources.sb3,code-club-learning-resources,b7e39ecfabfd2ac696e7b83839fc24552cc9e3fa
level/4/Outrun the Robot Lawyer.sb3,codingthelaw,898f9706bc28c03ccb76a6219ad46b4daa1e62ee
asset-manager-packager/tests/sb3/58-list-reference.sb3,forkphorus.github.io,9147db726e1abf12eb1b6587ce3e9954a2dc12a6
act1-grading-scripts/Sequence_ Ladybug Scramble .sb3,automated-assessment,f69dcfcc64b216a6ea2d42c2e93441a1b3b2a1a6
act1-grading-scripts/leftSayingChanged.sb3,automated-assessment,96d46cd9d059022c49bd8ff7f9ecc2104666f4bb
testy_scratch/ba.sb3,PythonMarti,97e2307d8432bbf204191ebbdc84939848eb99cc
computer_sciences/programming_languages/scratch/season01/lesson02/batima_scratch_ex004_2020feb13.sb3,kids,e27319990502b732492be9dafbf646f9761e2483
Scratch/Hummer-Bot4.0_MagicBlock/Demo/Hardware test program/PS2Test.sb3,hummer-bot,908f0252c2d7c6392b906a92d5e1b523575320e2
sample_projects/xcratch/sample.sb3,posenet2scratch,befea7b883ac5cce5f7d6339ea082388a17596bc
CoveOS Catalina v1.9 FINAL REALEASE.sb3,coveos,416acc150a331cbfffaed5648060b68c627ef882
catch-the-dots/zh-TW/resources/catch-the-dots-resources.sb3,code-club-learning-resources,b7e39ecfabfd2ac696e7b83839fc24552cc9e3fa
SimpleMath.sb3,HTML-and-CSS-Projects,86a3b11f66aaf68778761e2571d00e537f50780f
core/scratchpy/resources/scratchpy_compiler_template.sb3,scratch-gcc,4330a6df6bf16401270e9a427ed4646ed17b4862
W1_Noodle Art_Edu Game.sb3,coderunners2019.github.io,d549e958a047059b8692ad45fbd0b5172b077e04
test-projects/SB L1 Working 1.sb3,automated-assessment,006e85d05398858e85d1e019b04a76a9760aa3ed
test-projects/bgarcia decomposition by sequence.sb3,automated-assessment,723cd1a9a70651d59c8f4c6317c5713f9773b8ce
Scratch/proyectoScratch1.sb3,CodigoMisionTIC,f1b15e6be27e765ce28fe3df8e15a5c8103ae8b1
test/forever_hello.sb3,scratchc,6d22d7b99c56f5f349ee5ae26d26d672ec6e9969
2M_realtimeSpectrogram1.sb3,NeverlandBeats,b970ce471bae7c3a7ca9c16ad24cf29e1c8c3be8
cell.io remastered beta 4.5.sb3,stuff,b4d38e7bdb1af4361ef0bfa94a363452df6aa871
computer_sciences/programming_languages/scratch/season01/lesson03/lesson03_ex12_a_flying_cat.sb3,kids,8188049d6928aa591ec5c044d1657aa7d60d1cae
CarPortPlus.sb3,stuff,d5ba3d85af353b87be6136fb7ea1d609d5dfc3b9
base.sb3,scratch-gcc,4330a6df6bf16401270e9a427ed4646ed17b4862
fast_and_curious/The Fast And The Curious.sb3,coderunners2019.github.io,f337601071e93d7c2ee3c8391c811d1f5c2fe2eb
Project_6.sb3,APITest,038d7ced3119aa413f47218ddb3b7587c5f86fee
Week0/Scratch/Scratch Project.sb3,CS50-IntroToCS,2296f386f908ab3e7f6bd5fc17133ed2dd64dfab
test_environment.sb3,scratch-gcc,4330a6df6bf16401270e9a427ed4646ed17b4862
ZbranProtiPriseram-Template.sb3,workshop-scratch-10-12,1013ce5782b5ed705a229d3c04ae75a64d1f73f6
Tests/testColisiones.sb3,CodigoMisionTIC,ffe002e192a3cbc1b4cf1eb9d38ff5da691bf8ac
test/multiscript.sb3,scratchc,6d22d7b99c56f5f349ee5ae26d26d672ec6e9969
fr-FR/solutions/lost-in-space-solution.sb3,lost-in-space,bcfa70fe8dcfe2f071154d296dd383fe290d139c
bn-BD/solutions/rock-band-finished.sb3,lms,d8d9d22aaa1bfe52a40654e54d28e0c03753095b
setupfixit2.sb3,hello-codio-scratch,a4ac806b2063770bd1b788668f3c947995a115ee
pset00/scratch/Racing Game.sb3,CS50-Portfolio,259ec8bda9f4d923485364c52a5fda83ce290714
computer_sciences/programming_languages/scratch/season01/lesson03/lesson03_ex21_The_New_Year.sb3,kids,d81ff14be4366e66b26fe98e44ff6bbbf5a3c5da
it-IT/solutions/rock-band-finished.sb3,lms,d8d9d22aaa1bfe52a40654e54d28e0c03753095b
computer_sciences/programming_languages/scratch/season01/lesson03/lesson03_ex13_bakhtiyar_space_band2.sb3,kids,e7243ed53b224778a42a5b1f0beea8010a892fd4
W1_Noodle Art_Story.sb3,coderunners2019.github.io,d549e958a047059b8692ad45fbd0b5172b077e04
example/procedures.sb3,sb3,003a9897e45ef913e91b77fc55736a6994db3207
uebungsanleitungen/programmieren/scratch/paddle-game-v3/paddle-game-new.sb3,preview-coderdojo-linz.github.io,623b4a3b00f732772d0d39ebe1a71c7eb9570abb
Expedia_ The Project.sb3,Scratch-Files,873417827a471726c61d6cdde5f252e308c8ccaa
Toio1_StarttheShow.sb3,NeverlandBeats,25039d0f80e7ceb50e44612647cd5ff21bcbee73
test.sb3,APITest,ed324cf599087d5b79b945f4d94acbcb9c29b262
computer_sciences/programming_languages/scratch/season01/lesson03/lesson03_ex05_the_earths_rotation.sb3,kids,4eb5c6af254a7bfee9460043ea3b6ef6fe2ad3f0
easy server joiner.sb3,dabdatbass.github.io,0504e46cfcac48da62c639da72e0e3afe22e772b
Chicken Clicker remix-4.sb3,chickenclicker,d1a19e7e31215fd4b744d245fe2b1d6edb88fc29
009PotentiometerCtrledServo.sb3,ArduinoJunior,ab7184fefd279e798e32deaa8bf1883c711db3a6
tests/out/loop_if.sb3,scratchc,6d22d7b99c56f5f349ee5ae26d26d672ec6e9969
clone-wars/zh-TW/solutions/CloneWars-Solution.sb3,code-club-learning-resources,b7e39ecfabfd2ac696e7b83839fc24552cc9e3fa
inc.sb3,scratch-gcc,4330a6df6bf16401270e9a427ed4646ed17b4862
hacked blocks.sb3,stuff,b4d38e7bdb1af4361ef0bfa94a363452df6aa871
bridge2.sb3,rjmscratch,41dda34cc6c528a78d8cca18198ad1219b70da5d
bin/edbot_dance_v04_01.sb3,edbot,d53dc0e654dcf666a32dd96b99dc97c0f48e1f1b
uebungsanleitungen/programmieren/scratch/labyrinth-v3/labyrinth-test.sb3,preview-coderdojo-linz.github.io,623b4a3b00f732772d0d39ebe1a71c7eb9570abb
archery.sb3,harvardx-cs50-problem-sets,8a85aa6df63e6ffdb70c755b9c30819692532eb5
uebungsanleitungen/programmieren/python/von-scratch-zu-python/source/Von Scratch zu Python.sb3,preview-coderdojo-linz.github.io,623b4a3b00f732772d0d39ebe1a71c7eb9570abb
uebungsanleitungen/programmieren/scratch/pac-man/pac-man-almost-done.sb3,preview-coderdojo-linz.github.io,623b4a3b00f732772d0d39ebe1a71c7eb9570abb
donut.sb3,rjmscratch,41dda34cc6c528a78d8cca18198ad1219b70da5d
act1-grading-scripts/ladybugComplete.sb3,automated-assessment,056381350d08769d3d3b75103048d533d8cb4247
day1/Day1Part1.sb3,AdventOfCode2020,5eaeb8b78aa555d2e04273e5e560cc6b6f07e27c
Pi Cousins EU - EU #CodeWeek 2019.sb3,coderdojo,c50dfaa111604e741ebc5bcf82a21f635a016026
clases/clase3/Clase 3 - Ejercicio 3 compra de libros expresivamente feliz respuesta.sb3,herramientas-programacion,102715536a709f73a7b0d2314cbce2f22a54c747
ABC.sb3,Scratch-Dinosaur,fa5337e3fc209eb66a90a35248bf6466677ad2a8
books/book storage/the vere hungre caterpillar.sb3,scratch-projects-backup,4c188d3fa2a352fb56a1e49e5fd0452f6c4c1678
tests/out/stop_script.sb3,scratchc,6d22d7b99c56f5f349ee5ae26d26d672ec6e9969
public/scratch_files/Thurston Elementary2019-5.sb3,iCompute,370e3071be711b9899da67029344f62a68616639
MaxOS Alpha v1.6.1.1.sb3,MaxOS,6e2feec41343d632660fa875050e73ad37c80023
lesson2.sb3,algo1,32b506f2d17fcbeff0764924fa52c022fb5e6e92
lecture-1/Whack a Squirrel Game.sb3,parallel-computing-lectures,3b08f7f12f4cf3d15b7082674559d0df707765e9
act1-grading-scripts/correctFish.sb3,automated-assessment,006e85d05398858e85d1e019b04a76a9760aa3ed
test copy.sb3,CS50-Scratch-project,40117b653bea393db7a9a1200989a0993f600078
sample_projects/xcratch/sample.sb3,ml2scratch,b92afc8fe548c6499bd7c2ac44b1a4e06615673a
src/year-5/parachutes/resources/Parachute-Drop.sb3,primary-programming,a5fe2cde8e50f3e5f26ccdec361fe3e0dcf4c471
birthdaycard.sb3,danche24.github.io,358d8f2a87a3a8f9a80128f605a0d79af9d88d91
Ejercicios/2_Dibujando con Scratch_con sonido.sb3,App-Dibujo-Scratch,1a12bf527c4546a3be6ee2d38e3c2d3b6bf21770
W1_Team Infinity_Video Game.sb3,coderunners2019.github.io,1c027e350da8d0da120fba63f79b7e7028c03791
src/templates/Lego-Boost/Kalibrierung.sb3,openeducationday2020,890b4620f925ea6e23073b1ce0ba37094c1e210f
act1-grading-scripts/remixed.sb3,automated-assessment,006e85d05398858e85d1e019b04a76a9760aa3ed
computer_sciences/programming_languages/scratch/season01/lesson01/lesson01_ex01.sb3,kids,aa8420b2fe6d3ee8228311f84178afa510bd5f83
test-projects/module3-gaming/animation-L2-test3.sb3,automated-assessment,7b45f16ff7e7a670d20a77ec83b5d4171c83cd10
004ButtonCtrlLED.sb3,ArduinoJunior,a7df03b605defa25480457868c2482551394a80d
lezione2/scratch/calcolatrice.sb3,coding-class-scratch-python,9a7e1439574ae51e09775b558862cb269e29667f
src/year-4/carrot-collector-1/resources/carrot-collector.sb3,primary-programming,759677ca1e6a684897ef62efd0f98f9830a9a0cd
Scratch.sb3,ICT-Group-5---project-,2c7b0c0b5d30d82dc9f617d145350b1614c5227b
0.1-scratch-surprise/scratch-surprise.sb3,codio-creative-computing,fb1d359b824aa42d20a431e9204e991b5ab020c1
psets/scrtch/BananaPlease.sb3,CS50IntroductionHaryoiro,ae2a5ee78601843cbd25d8c5a1da439c6dd6926c
Scratch Project_2.sb3,spaceship2,97a41ce1f75ce301c7928d8634a3ed9c951ec7a7
ex05/src/ex05.sb3,Repo02,2ae0669f23c4784490a008f92f0babec3f80986f
test-projects/module3-gaming/animation-L2-no-move-empty-loop.sb3,automated-assessment,7b45f16ff7e7a670d20a77ec83b5d4171c83cd10
pset0-Scratch/HungryMonkey.sb3,cs50-harvardx,6b495e6614199741d49cfb221c1df132f12118a1
code/Forever Cloning.sb3,milestones-team13-cnguyen32-zwiegand,9ac408be587008a3a78c022e86f35e4207efd068
Shark Tank copy.sb3,Shark-Tank-Scratch,cc8d4c6508fe5a455988fb48ad061f5db269a53c
week00/guess a number.sb3,cs50-problem-sets,359d8173ec4d48974ab02c3ed2b609f02c294ff8
code/Loopz.sb3,milestones-team13-cnguyen32-zwiegand,9ac408be587008a3a78c022e86f35e4207efd068
ex03/src/ex03.sb3,day02,791269509164fb3a518ca9627eb30ec81b748862
projects/week7/User_Interface_Template.sb3,scratch-tutorial-2020,8a4ddc7c5bad059b87b5238ca2907cada271075b
AI Covid Assistance app.sb3,Aischoolof-India,1509846c948a44ca6cb06e1ec797afe4ebce9903
Freshman Year/CS111/Lab 1/lab1task4-1.sb3,SchoolWork,17ca23d24434bbfb0ee5edad985e5e14a10062bb
Amalia's game fair project (1) (1).sb3,wave-a-wand,6a89289f743abfb9e977a6d89d9ff9b4531d9125
asset-manager-packager/tests/sb3/112.sb3,forkphorus.github.io,58f36def0e251e2fc2d894f0fb81d6fd4468e557
Dio vs Jojo.sb3,Scrath-Project,62b65862f03f355bdaf9f96c10a1c3c60797e52f
Scratch/PONG (1).sb3,FaceDetectionBackend,eb390a919b80bc6ff190067dec6b7790b20e57b5
de-DE/solutions/rock-band-finished.sb3,lms,d8d9d22aaa1bfe52a40654e54d28e0c03753095b
projects/week10/4_Snake_Lose_Check.sb3,scratch-tutorial-2020,05d69a5961897ebcb519c387e5aedc2010844b12
projects/week10/5_Snake_User_Interface.sb3,scratch-tutorial-2020,8a4ddc7c5bad059b87b5238ca2907cada271075b
Object Tracking.sb3,Scratch3-Demo,dafe2206a1b193485acc9ae940f1a6fa317c3d19
Scratch Project_week_0_MKleyn_v0.sb3,DrHackel-CS50-introduction,7bf279b1af8f90d36cc6796fa432031e05273daf
cy-GB/solutions/lost-in-space-solution.sb3,lost-in-space,bcfa70fe8dcfe2f071154d296dd383fe290d139c
CarGameRemakeB1.5.sb3,stuff,d5ba3d85af353b87be6136fb7ea1d609d5dfc3b9
es-ES/solutions/rock-band-finished.sb3,lms,d8d9d22aaa1bfe52a40654e54d28e0c03753095b
Zadania/12_Rakieta/Rakieta - gotowe.sb3,SampleApps,b8025875380daa4d41debe42d5bd2c07a520b02f
pt-BR/solutions/rock-band-finished.sb3,lms,d8d9d22aaa1bfe52a40654e54d28e0c03753095b
core/scratchpy_compiler_template.sb3,scratch-gcc,4330a6df6bf16401270e9a427ed4646ed17b4862
test-projects/Untitled-3.sb3,automated-assessment,4d90af0359362ae68d01c1e1f6408b0dd7cf46ec
NewEdu/app/src/main/assets/PlayerAppDemo/img/PlayerEvtTest.sb3,eabs,1e6e2397d10b4b6725c778f4f416f781341fc8eb
act1-grading-scripts/singleSayBlock.sb3,automated-assessment,96d46cd9d059022c49bd8ff7f9ecc2104666f4bb
clases/clase3/Clase 3 - Ejercicio 2 compra de libros.sb3,herramientas-programacion,102715536a709f73a7b0d2314cbce2f22a54c747
week1/Recovery4/W1_The Fast And the Curious/W1_The Fast And The Curious_Edu Game.sb3,coderunners2019.github.io,f337601071e93d7c2ee3c8391c811d1f5c2fe2eb
